cluster_id,canonical_phrase,phrase_count,phrases,weight
0,Text Field,4,"[""text field"", ""field inside content"", ""text fields"", ""text field""]",0.535
1,Inter Application,2,"[""inter"", ""inter application""]",0.127
2,Perf Tag,6,"[""perf"", ""removing extraneous perf"", ""perf tag"", ""extraneous perf tag"", ""field removing extraneous perf"", ""perf""]",1.142
3,Nsbeta3 Nominees,6,"[""nsbeta3"", ""nsbeta3 nominees"", ""nsbeta3 deadline"", ""nsbeta2"", ""nsbeta3"", ""nsbeta1""]",0.716
4,Img Src,10,"[""src"", ""img src"", ""img src h2"", ""src h1 jpg"", ""img src h1"", ""img src h1 jpg"", ""src"", ""html img src"", ""html img src foo"", ""img src foo jpg""]",1.401
5,Mail Window,4,"[""mailbox"", ""mailbox"", ""mail window"", ""postbox""]",0.672
6,Imagine Tall,3,"[""imagine"", ""imagine tall"", ""imagine line""]",0.486
7,Ya Pink,7,"[""colors"", ""red"", ""black"", ""pink"", ""ya pink"", ""color"", ""colors""]",0.988
8,Angle Bracket,2,"[""brackets"", ""angle bracket""]",0.253
9,Activity Log,3,"[""logging"", ""log"", ""activity log""]",0.318
10,Mouse Wheel,6,"[""mouse wheel"", ""mouse wheel scrolling"", ""mousewheel"", ""mouse wheel available"", ""mouse wheel scrolling broken"", ""mousewheel unless""]",1.089
11,Text Zoom,6,"[""zoom"", ""zooming"", ""text zoom"", ""page zoom"", ""zoomed"", ""document body style zoom""]",0.306
12,Netscape Cfg,7,"[""netscape cfg"", ""netscape exe"", ""module netscape"", ""module netscape exe"", ""keyword netscape"", ""netscape en"", ""netscape en x11""]",0.741
13,Macos,4,"[""macos"", ""macos86"", ""macos"", ""osx""]",0.432
14,Menu Items,6,"[""menus"", ""menu items"", ""menu item"", ""menu"", ""menus"", ""optionlist menu""]",0.971
15,Operation,2,"[""operation"", ""operating""]",0.179
16,Pref Ui,2,"[""prefs"", ""pref ui""]",0.359
17,Cold Start,2,"[""cold start"", ""cold start profiling""]",0.123
18,Line Break,4,"[""line break"", ""line breaks"", ""line text"", ""single line""]",0.288
19,Image Viewers,6,"[""images"", ""image viewers"", ""image"", ""images"", ""image information"", ""images""]",1.102
20,Mime Table,3,"[""mime"", ""mime table"", ""mime type""]",0.333
21,Ftp Hobbes,2,"[""ftp hobbes"", ""ftp hobbes nmsu edu""]",0.198
22,Text Widget,2,"[""text widget"", ""textbox""]",0.194
23,Width,6,"[""width"", ""width"", ""widths"", ""length"", ""width"", ""width""]",1.647
24,Css1 Keyword,9,"[""css1"", ""css1 keyword"", ""html css"", ""quirk css"", ""quirks css"", ""html style"", ""css"", ""css3"", ""css2""]",0.835
25,Nsinstalldelete Nsinstallexecute,7,"[""nsinstallprogressdialog"", ""nsinstallexecute nsinstallfile nsinstallfileopitem"", ""nsinstalldelete"", ""nsinstalldelete nsinstallexecute"", ""nsinstalldelete nsinstallexecute nsinstallfile"", ""nsinstalldelete nsinstallexecute nsinstallfile nsinstallfileopitem"", ""nsinstallfile nsinstallfileopitem nsinstallpatch nsinstalluninstall""]",0.56
26,Profileselect,2,"[""profileselect"", ""profile""]",0.429
27,Pixel Height,4,"[""pixel height"", ""illegible pixel"", ""illegible pixel height"", ""pixels""]",0.448
28,Dirty Rects,2,"[""dirty"", ""dirty rects""]",0.327
29,Native Declaration,5,"[""declarations"", ""declaration"", ""declaration syntax allows"", ""native declaration"", ""native declaration syntax""]",0.518
30,Current User,3,"[""current user"", ""currentuser"", ""an8bitscript currentuser""]",0.376
31,Does Open,2,"[""does open"", ""open location""]",0.294
32,Dynamic Content,3,"[""dynamic"", ""dynamic content"", ""dynamic content instead""]",0.217
33,Read Write,4,"[""style user modify read"", ""read write"", ""modify read write"", ""user modify read write""]",0.362
34,Mouse Button,3,"[""onmousemove"", ""mouse"", ""mouse button""]",0.314
35,Nsiresult,2,"[""nsiresult"", ""nscrt""]",0.264
36,Inherit Properties,2,"[""inherit properties"", ""properties""]",0.187
37,10Px,4,"[""10px"", ""2px"", ""10mpx"", ""55px""]",0.381
38,Tasks Adding,4,"[""tasks adding"", ""task"", ""tasks"", ""tasks reassigning""]",0.948
39,Type Box,2,"[""type box"", ""type field""]",0.137
40,Inline Block,7,"[""inline block"", ""display inline block"", ""inline box"", ""implement inline block"", ""inline style"", ""inline elements"", ""inline box""]",0.7
41,Weather Image,3,"[""weather image"", ""complex javascript weather"", ""complex javascript weather image""]",0.447
42,Native Foo,3,"[""native foo"", ""ref native foo"", ""foo""]",0.386
43,Ender Dll,8,"[""dll"", ""ender dll"", ""dll ender"", ""dll ender dll"", ""ender dll ender dll"", ""dll"", ""dll"", ""dll kernel32 dll""]",1.774
44,H1 Jpg,3,"[""jpg"", ""h1 jpg"", ""h2 jpg""]",0.514
45,Gifcom Gif,4,"[""gifcom"", ""gifcom gif"", ""libimg gifcom gif cpp"", ""modules libimg gifcom gif""]",0.332
46,Ini File,5,"[""ini file"", ""ini file editor"", ""ini"", ""ini section"", ""config ini section""]",0.756
47,Font Metrics,2,"[""metrics"", ""font metrics""]",0.185
48,File Naming,4,"[""files"", ""filename"", ""filenames"", ""file naming""]",0.357
49,Vertical Align Baseline,3,"[""baseline"", ""vertical align baseline"", ""vertical""]",0.291
50,Modifier,2,"[""modifier"", ""modifing""]",0.199
51,Caret Painting,3,"[""caret"", ""caret"", ""caret painting""]",0.813
52,Single Click,4,"[""click menu item"", ""single click"", ""click item"", ""single click item""]",0.569
53,Launch Time,2,"[""launch time"", ""start time""]",0.237
54,Add Context,3,"[""add context"", ""context extension"", ""application context""]",0.348
55,Minimum Height,5,"[""set correct height"", ""height"", ""minimum height"", ""height"", ""height width height""]",0.697
56,Page Source,3,"[""page source"", ""page content"", ""containing page""]",0.281
57,Queryinterface Components Interfaces,3,"[""queryinterface components interfaces"", ""getinterface"", ""requestor getinterface components""]",0.22
58,File Editor,8,"[""editor"", ""file editor"", ""editor enhancement"", ""editor enhancement request"", ""editor enhancement request ability"", ""text editor"", ""editor"", ""editor""]",1.436
59,Platform Sensitive,5,"[""platform sensitive"", ""platform sensitive change"", ""platforms"", ""platform integration"", ""platform""]",0.377
60,Dom Changes,3,"[""dom"", ""dom"", ""dom changes""]",0.426
61,Td Div,3,"[""div"", ""td div"", ""div""]",0.358
62,Italic Text,5,"[""italic"", ""italic text"", ""italicized text"", ""italic correction"", ""pt bold italic""]",0.603
63,Compatibility Mode,2,"[""compatibility mode"", ""compatibility""]",0.211
64,Windows 98,2,"[""windows 98"", ""win95 00 950""]",0.201
65,Usr Bin,2,"[""usr"", ""usr bin""]",0.252
66,Mass Changing,4,"[""mass changing"", ""mass moving"", ""mass reassign"", ""mass moving""]",0.634
67,Scrollable Area,18,"[""scrollable area"", ""scroll"", ""scrollbar"", ""scrollbar appears"", ""vertical scroll"", ""scroll arrow"", ""vertical scroll bar"", ""vertical scroll arrow"", ""scroll arrows"", ""scroll bar"", ""horizontal scroll"", ""horizontal scroll bar"", ""scroll"", ""scrollbar"", ""scroll"", ""scrollable"", ""scrolling"", ""scroll""]",3.597
68,Installer Screen,6,"[""install"", ""install"", ""installer"", ""installer screen"", ""installation"", ""installer""]",1.12
69,Text Decoration,2,"[""text decoration"", ""decoration""]",0.156
70,Tostring,2,"[""tostring"", ""nsstring""]",0.287
71,Precondition Nsnull Aview,3,"[""code ns precondition nsnull"", ""offending code ns precondition"", ""precondition nsnull aview""]",0.279
72,Firefox,3,"[""firefox"", ""browser"", ""chrome""]",0.352
73,Exit Menu,5,"[""exit"", ""exit"", ""exit menu"", ""exit"", ""exits""]",1.776
74,Folder,5,"[""folder"", ""getfolder"", ""getfolder"", ""folder"", ""folder""]",1.246
75,Feature Implement,2,"[""implemented"", ""feature implement""]",0.18
76,Xpi,3,"[""xpi"", ""xpidl"", ""xpidl""]",0.58
77,Block Level,5,"[""block level"", ""blocker"", ""block code"", ""block"", ""block""]",0.601
78,Interface Names,3,"[""interfaces"", ""interface names"", ""components interfaces""]",0.285
79,Iso Jp,2,"[""iso"", ""iso jp""]",0.194
80,Image Map,4,"[""bitmap"", ""image map"", ""image maps"", ""imagemap""]",0.291
81,Character Set,5,"[""charset"", ""charset"", ""character set"", ""mail charset"", ""char""]",0.712
82,White Background,6,"[""white background"", ""foreground"", ""background"", ""background color"", ""foreground background"", ""background""]",1.173
83,Copied,3,"[""copied"", ""clone"", ""cloned""]",0.215
84,Autoconfig Rick,4,"[""autoconfig"", ""autoconfig rick"", ""1w autoconfig rick 1w"", ""rick 1w autoconfig rick""]",0.398
85,Application Window,4,"[""window does open"", ""application window"", ""window launches"", ""window open""]",0.417
86,Prerendered,2,"[""prerendered"", ""predefined""]",0.141
87,Bar Disappearance,2,"[""bar"", ""bar disappearance""]",0.197
88,Reg Expand,3,"[""reg expand"", ""example reg"", ""example reg expand""]",0.381
89,Win32 Nt4,2,"[""win32 nt4"", ""16 win32""]",0.169
90,19Mdk I586,3,"[""19mdk"", ""19mdk i586"", ""19mdk i586 entered""]",0.523
91,Exits File,3,"[""exits file"", ""file exit causing memory"", ""exits file exit causing""]",0.417
92,Sensitive Change,2,"[""sensitive"", ""sensitive change""]",0.188
93,Components Issue,4,"[""components issue"", ""issue add ui components"", ""components issue add ui"", ""components issue""]",0.702
94,Navigator Window,3,"[""navigator window"", ""navigator"", ""navigator window""]",0.426
95,Touch Delegate,3,"[""touch delegate"", ""remove touch"", ""remove touch delegate""]",0.414
96,08 M13,10,"[""m13"", ""08 m13"", ""win 08 m13 mac"", ""m13 win 08 m13"", ""09 m13 win"", ""m13 mac 08 m13"", ""08 m13 mac 08"", ""09 m13 win 08"", ""minor m11"", ""m11""]",1.096
97,Nsfilespec,3,"[""nsfilespec"", ""nsfilespec"", ""nsregisterself""]",0.661
98,Plevent Line,2,"[""plevent"", ""plevent line""]",0.216
99,Alt Text,7,"[""alt text"", ""alt"", ""alt title"", ""altifier"", ""set alt"", ""alt"", ""alt text""]",1.498
100,Nswidget,3,"[""nswidget"", ""nswidget"", ""nswinreg""]",0.629
101,Related Links,3,"[""related links"", ""related links folder"", ""related links folder does""]",0.828
102,Interaction Param,3,"[""interaction param"", ""user interaction param"", ""interaction""]",0.407
103,Display Compact,2,"[""compact"", ""display compact""]",0.25
104,Bij Browser,2,"[""bij browser"", ""cck mcd bij browser""]",0.178
105,Specific Features,2,"[""specific features"", ""mac specific features""]",0.132
106,Break Opportunity,2,"[""opportunity"", ""break opportunity""]",0.105
107,Cdata,2,"[""cdata"", ""cde""]",0.285
108,Archives Animating,3,"[""animation"", ""animations"", ""archives animating""]",0.232
109,Lets Close,2,"[""lets close"", ""close""]",0.234
110,Previously Saved,4,"[""saved"", ""previously saved"", ""save"", ""save""]",0.725
111,Bit Characters,2,"[""bit characters"", ""byte""]",0.169
112,Icon Changes,3,"[""icon changes"", ""icon"", ""icons""]",0.355
113,Dialog Machines,7,"[""dialog"", ""dialog machines"", ""dialog"", ""dialog boxes"", ""pretty dialog boxes"", ""boxes appear pretty dialog"", ""appear pretty dialog boxes""]",0.892
114,Button Does,4,"[""button does"", ""button"", ""buttons"", ""right buttons""]",0.704
115,Apprunner Crashes,7,"[""apprunner crashes"", ""inside apprunner"", ""latest apprunner"", ""apprunner"", ""macos86 apprunner"", ""linux6 apprunner"", ""apprunner optimized""]",0.741
116,Related Server,5,"[""server"", ""server"", ""related server"", ""server"", ""servers""]",1.377
117,Form Fields,4,"[""fields"", ""form fields"", ""custom field"", ""custom fields""]",0.316
118,Res Rdf,5,"[""res rdf"", ""rdf flash xul res"", ""dtds res rdf"", ""dtds res rdf flash"", ""flash xul res rdf""]",0.494
119,Defect,2,"[""defect"", ""defects""]",0.124
120,Applies Equally,2,"[""applies"", ""applies equally""]",0.209
121,Gnksa,2,"[""gnksa"", ""gnska""]",0.27
122,Focus Issues,3,"[""focus issues"", ""focus"", ""focus""]",0.549
123,White Text,3,"[""white text"", ""white text does"", ""white text selected""]",0.372
124,Event Handlers,2,"[""event handlers"", ""handler""]",0.262
125,Floater,2,"[""floater"", ""floaters""]",0.397
126,Compose Window,4,"[""compose window"", ""compose window launches"", ""rh compose window launches"", ""compose window begin""]",0.512
127,Depending Verbage,2,"[""verbage"", ""depending verbage""]",0.356
128,01 Spec,2,"[""spec"", ""01 spec""]",0.184
129,Change Appcores,3,"[""appcores"", ""change appcores"", ""converting appcores""]",0.608
130,Xptoolkit M10,7,"[""xptoolkit m10"", ""xptoolkit m10 feature"", ""xptoolkit m10 feature development"", ""sched xptoolkit"", ""sched xptoolkit m10"", ""sched xptoolkit m10 feature"", ""xptoolkit m10 task""]",1.413
131,Feature Arch,3,"[""arch"", ""feature arch"", ""feature arch implement""]",0.55
132,Outline Property,8,"[""outline"", ""outline property"", ""outline styles"", ""css2 outline property"", ""outline"", ""outline property"", ""css2 outline"", ""outlines""]",1.609
133,Text Size,9,"[""text size"", ""font size"", ""font"", ""font"", ""gigantic font"", ""font size"", ""font"", ""font size"", ""font sizes message""]",2.257
134,Trying Document,3,"[""document"", ""trying document"", ""incorrect document""]",0.248
135,Post Screenshot,4,"[""post screenshot"", ""screen shot"", ""screen shot actual"", ""screen shot actual result""]",0.587
136,Table Code,6,"[""tables"", ""table"", ""table code"", ""contain table"", ""table text"", ""table""]",0.872
137,Quirks Mode,2,"[""quirk"", ""quirks mode""]",0.184
138,File Operation,2,"[""file operation"", ""file io""]",0.179
139,Ntlm Authentication,3,"[""ntlm"", ""ntlm authentication"", ""ntlm auth""]",0.159
140,Nsobjectframe,2,"[""nsobjectframe"", ""nsframeimageloader""]",0.174
141,Converter,2,"[""converter"", ""converted""]",0.156
142,Causing Memory Leaks,2,"[""causing memory leaks"", ""exit causing memory leaks""]",0.278
143,Cck Mcd,2,"[""cck"", ""cck mcd""]",0.233
144,Dates,2,"[""dates"", ""datetime""]",0.19
145,Application Copy,2,"[""application copy"", ""application copy paste""]",0.132
146,Heights Corrupted Vertical Scroll,2,"[""heights corrupted vertical scroll"", ""corrupted vertical scroll bar""]",0.172
147,Ftp Directory,4,"[""ftp"", ""ftp directory"", ""ftp download"", ""ftp directory listing""]",0.418
148,Visual Indication,2,"[""indication"", ""visual indication""]",0.212
149,Identical,1,"[""identical""]",0.081
150,Round Dots,5,"[""dots"", ""round dots"", ""square dots"", ""dot"", ""round dots instead""]",0.534
151,Profile Manager Selectprofile,3,"[""selectprofile"", ""profile manager selectprofile"", ""profile manager selectprofile start""]",0.464
152,Jpg Border,7,"[""jpg border"", ""border br img"", ""jpg border br"", ""h2 jpg border"", ""src h2 jpg border"", ""border br img src"", ""jpg border br img""]",0.934
153,Reading File,4,"[""reading file"", ""reading file reading"", ""file reading file"", ""reading file reading file""]",0.232
154,Entered Indicating,2,"[""entered indicating"", ""entered""]",0.286
155,96 Mb,7,"[""96 mb"", ""96 mb ram"", ""p2 96 mb ram"", ""96 mb"", ""96 mb ram"", ""96 mb"", ""96 mb ram""]",1.885
156,View Source,2,"[""view"", ""view source""]",0.229
157,News Ticker,2,"[""news ticker"", ""news ticker applet""]",0.234
158,Unlock,2,"[""unlock"", ""unlocked""]",0.2
159,Requirement,2,"[""requirement"", ""requirements""]",0.144
160,Form Controls,2,"[""form controls"", ""form control""]",0.165
161,Customize Window,3,"[""customize window"", ""customize window does open"", ""longer problem customize window""]",0.466
162,Moment Reassigning,2,"[""moment reassigning"", ""moment""]",0.204
163,Default Size,2,"[""default size"", ""window set default size""]",0.146
164,Pp Customize,2,"[""pp customize"", ""pp customize button""]",0.252
165,Loading,2,"[""loading"", ""loader""]",0.174
166,Mailto Url,7,"[""mailto"", ""mailto url"", ""mailto"", ""mailto link"", ""mailto urls"", ""mailto link handling"", ""mailto link handling hasn""]",1.103
167,Set Bold,6,"[""set bold"", ""bold text"", ""set bold text"", ""bold"", ""setting bold"", ""setting bold won""]",0.812
168,Children,4,"[""children"", ""kids"", ""children"", ""child""]",0.506
169,Area Elements,3,"[""area elements"", ""contains area"", ""contains area elements""]",0.257
170,Messages,2,"[""messages"", ""message""]",0.182
171,Imap Code,2,"[""imap"", ""imap code""]",0.182
172,Refresh,3,"[""refresh"", ""restart"", ""refresh""]",0.53
173,Textual Information,1,"[""textual information""]",0.204
174,Domain Guessing,2,"[""domain"", ""domain guessing""]",0.132
175,Foo Jscontext,2,"[""foo jscontext"", ""native foo jscontext""]",0.344
176,Compareversion String,5,"[""compareversion"", ""compareversion string"", ""compareversion string smrtupdt txt"", ""package compareversion string smrtupdt"", ""22 package compareversion string""]",0.597
177,Attribute Changes,3,"[""attribute changes"", ""attributes"", ""attributes""]",0.337
178,General Useragent,3,"[""useragent"", ""general useragent"", ""general useragent vendorcomment""]",0.291
179,Win 95,2,"[""win 95"", ""95 98""]",0.152
180,Install Exe,4,"[""install exe"", ""exe does"", ""install exe does"", ""exe help""]",0.588
181,Dll Plds3 Dll,4,"[""dll plds3 dll"", ""plds3 dll plds3"", ""dll plds3 dll plds3"", ""plds3 dll plds3 dll""]",0.48
182,Skipping Ignorable,2,"[""ignorable"", ""skipping ignorable""]",0.119
183,List Block List,3,"[""list block list"", ""block list numbering code"", ""list block list numbering""]",0.267
184,List Length,2,"[""list length"", ""list length""]",0.388
185,Installer Spec,2,"[""installer spec"", ""installer spec mac""]",0.178
186,Return Prunichar,2,"[""prunichar"", ""return prunichar""]",0.302
187,Http Link,2,"[""http link"", ""url""]",0.168
188,Mime Emitters Src,3,"[""mime emitters src"", ""mailnews mime emitters"", ""mailnews mime emitters src""]",0.402
189,Named Entities,2,"[""entities"", ""named entities""]",0.216
190,Save File Saving File,3,"[""save file saving file"", ""windows save file saving"", ""native windows save file""]",0.219
191,Msvcrt Dll,2,"[""msvcrt"", ""msvcrt dll""]",0.174
192,Dependency Tree,4,"[""dependency tree"", ""dependencies"", ""dependency"", ""dependencies""]",0.896
193,Progress Meter,2,"[""progress meter"", ""progress bar""]",0.219
194,Utf,3,"[""utf"", ""unicode"", ""unicode""]",0.343
195,Wordpad,2,"[""wordpad"", ""notepad""]",0.146
196,Short Heights Corrupted,2,"[""short heights corrupted"", ""short heights corrupted vertical""]",0.172
197,Module Base,2,"[""module base"", ""const module base""]",0.224
198,Hash Table,2,"[""hash table"", ""preference hash table""]",0.278
199,Enhancement Requests,4,"[""enhancements"", ""enhancement requests"", ""enhancement request"", ""enhancements""]",0.59
200,Dogfood Mouse,2,"[""dogfood mouse"", ""dogfood mouse wheel scrolling""]",0.264
201,Copy Paste,5,"[""paste"", ""copy paste"", ""cut copy paste"", ""pasted"", ""copy paste""]",0.665
202,Nsstring2 Cpp,5,"[""xpcom ds nsstring2"", ""nsstring2 cpp"", ""nsstring2 cpp line"", ""ds nsstring2 cpp line"", ""xpcom ds nsstring2 cpp""]",0.435
203,Enable Proxy,10,"[""proxy"", ""proxies"", ""enable proxy"", ""proxy support"", ""proxy issues"", ""proxy"", ""proxy server"", ""proxies"", ""proxy servers"", ""change proxies""]",1.462
204,Img Element,3,"[""img"", ""img element"", ""img""]",0.449
205,Mouse Drag,4,"[""mouse drag"", ""drag"", ""drag"", ""dragging""]",0.623
206,Ignorable Whitespace,2,"[""ignorable whitespace"", ""skipping ignorable whitespace""]",0.119
207,Netwerk Protocol,2,"[""netwerk"", ""netwerk protocol""]",0.224
208,Add Hotkey,2,"[""hotkey"", ""add hotkey""]",0.422
209,Padding,2,"[""padding"", ""padding""]",0.402
210,Xp Menus,4,"[""xp menus"", ""xpmenus"", ""xpmenus menuitems"", ""xpmenu positioning""]",0.574
211,Modules Libimg,3,"[""modules libimg"", ""libimg src"", ""modules libimg src""]",0.256
212,Dll Raptorview,11,"[""dll raptorview"", ""raptorview dll"", ""dll raptorview dll"", ""raptorwidget dll"", ""dll raptorwidget dll"", ""raptorview dll raptorview dll"", ""dll raptorview dll raptorview"", ""dll raptorhtml"", ""raptorgfxwin"", ""raptorgfxwin dll"", ""raptorgfxwin dll raptorgfxwin dll""]",1.451
213,Save Button,2,"[""save button"", ""save link""]",0.227
214,Editing,2,"[""editing"", ""edit""]",0.234
215,Actual Result,2,"[""actual result"", ""shot actual result""]",0.264
216,Optional User Interaction Param,2,"[""optional user interaction param"", ""add optional user interaction""]",0.294
217,Commands,4,"[""commands"", ""command"", ""command"", ""command""]",0.886
218,Customize Button,2,"[""customize button"", ""customize button does""]",0.479
219,Rang Fail,3,"[""rang"", ""rang fail"", ""rang deserve""]",0.422
220,Tabbing Works,6,"[""tabbing"", ""tab"", ""tabbing works"", ""tab key"", ""tab"", ""tab key""]",1.088
221,Spent,1,"[""spent""]",0.058
222,Arial 10 Pt,2,"[""arial"", ""arial 10 pt""]",0.348
223,Dogfood Issue,3,"[""dogfood"", ""dogfood issue"", ""dogfood""]",0.651
224,Allows,1,"[""allows""]",0.091
225,Feature Nswinreg Setvalue,4,"[""nswinreg setvalue nswinreg getvalue"", ""feature nswinreg setvalue"", ""feature nswinreg setvalue nswinreg"", ""implemented nswinreg setvalue""]",0.484
226,Bookmark Page,14,"[""bookmarks"", ""bookmark"", ""bookmark page"", ""bookmarks"", ""bookmarks"", ""bookmarks tasks"", ""bookmarks tasks reassigning"", ""bookmark provider"", ""bookmarks"", ""bookmark file"", ""provider bookmark provider"", ""bookmark provider bookmark provider"", ""implement bookmark"", ""implement bookmark provider""]",4.998
227,Steps Type,2,"[""steps type"", ""steps type abc click""]",0.162
228,Profile Wizard,5,"[""profile wizard"", ""profilewizard start"", ""wizard profilemanager"", ""wizard profilemanager start"", ""profile wizard profilemanager start""]",0.565
229,Tar Gz,2,"[""tar"", ""tar gz""]",0.21
230,Error Code,2,"[""error code"", ""error codes""]",0.155
231,Long Running,2,"[""run"", ""long running""]",0.184
232,Baseline Xml,3,"[""xml"", ""xml"", ""baseline xml""]",0.516
233,Tossed,2,"[""tossed"", ""thrown""]",0.236
234,Folder Does,2,"[""folder does"", ""links folder does""]",0.326
235,Performance Analysis,3,"[""performance"", ""performance analysis"", ""sufficient performance analysis""]",0.348
236,Modified,2,"[""modified"", ""modify""]",0.207
237,Document Createprocessinginstruction,2,"[""createprocessinginstruction"", ""document createprocessinginstruction""]",0.201
238,Slower,3,"[""slower"", ""speed"", ""speed""]",0.427
239,Xpinstall,4,"[""xpinstall"", ""xpinstall"", ""xpinstall"", ""xpinstall""]",2.28
240,Ylong Change Qa,1,"[""ylong change qa""]",0.096
241,Away Pushed,2,"[""away pushed"", ""pushing""]",0.259
242,Obtain Search,2,"[""searching"", ""obtain search""]",0.209
243,Smartdownload Uncompression,3,"[""smartdownload"", ""smartdownload uncompression"", ""smartdownload uncompression routine prepending""]",0.511
244,Mis Identifies,2,"[""identifies"", ""mis identifies""]",0.369
245,Registry Related,2,"[""registry related"", ""registry""]",0.194
246,Download,2,"[""download"", ""download""]",0.37
247,Auto Proxy,3,"[""auto proxy"", ""auto proxy config"", ""autoproxy""]",0.342
248,Ebx Ss 013F,3,"[""ebx ss 013f"", ""ebx ss 013f esp"", ""eflgs ebx ss 013f""]",0.222
249,Child Selectors,2,"[""selectors"", ""child selectors""]",0.136
250,News Team,3,"[""news team"", ""mail news team"", ""newsgroup""]",0.265
251,Respect Style Context,1,"[""respect style context""]",0.077
252,Marek,2,"[""marek"", ""marek""]",0.584
253,Template,1,"[""template""]",0.098
254,Links Machines,2,"[""links machines"", ""related links machines""]",0.326
255,Soft Hyphen,5,"[""hyphen"", ""hyphens"", ""soft hyphen"", ""soft hyphens"", ""hyphenation""]",0.376
256,Msg,2,"[""msg"", ""msg""]",0.424
257,Campers Changed Qa,2,"[""campers changed qa"", ""happy campers changed qa""]",0.496
258,Changing Qa,2,"[""changing qa"", ""accept changing qa""]",0.262
259,Pseudo Transitions,2,"[""transitions"", ""pseudo transitions""]",0.124
260,Remind,1,"[""remind""]",0.079
261,Myclass,1,"[""myclass""]",0.091
262,A11Y State,2,"[""a11y state"", ""a11y state change""]",0.291
263,Cpp Line,3,"[""cpp line"", ""cpp line"", ""cpp""]",0.46
264,Stamping,1,"[""stamping""]",0.352
265,Languages,3,"[""languages"", ""lang"", ""lang""]",0.567
266,Ieee,1,"[""ieee""]",0.083
267,Parent Child Relationship,2,"[""parent"", ""parent child relationship""]",0.286
268,Ask George,2,"[""george"", ""ask george""]",0.234
269,Additional,1,"[""additional""]",0.111
270,Start Profiling,3,"[""start profiling"", ""profiling data"", ""start profiling data""]",0.153
271,Treatment Accepting,2,"[""treatment accepting"", ""special treatment accepting""]",0.192
272,Stack Dump,2,"[""stack dump"", ""stacks""]",0.185
273,Block Frame,3,"[""block frame"", ""frameset"", ""frame""]",0.281
274,Ability,2,"[""ability"", ""ability""]",0.628
275,Viewer Reassigning,1,"[""viewer reassigning""]",0.117
276,Libjar,1,"[""libjar""]",0.15
277,List Item,7,"[""list item"", ""li list"", ""li list item"", ""li list item li"", ""item li list item"", ""list item li list"", ""list""]",0.7
278,Widgettoscreen 47,7,"[""widgettoscreen"", ""widgettoscreen 47"", ""nswindow widgettoscreen 47"", ""widgettoscreen 47 nswindow"", ""nswindow widgettoscreen 47 nswindow"", ""widgettoscreen 47 nswindow widgettoscreen"", ""47 nswindow widgettoscreen 47""]",0.992
279,Ari,1,"[""ari""]",0.059
280,Arrows,1,"[""arrows""]",0.105
281,Paragraph,1,"[""paragraph""]",0.052
282,Available Space Ins Quite,2,"[""available space ins quite"", ""space ins quite right""]",0.31
283,Fine Reassigning,2,"[""fine reassigning"", ""accurate reassign""]",0.246
284,List Renumbering,4,"[""renumbering"", ""list renumbering"", ""renumbering happens"", ""list renumbering happens""]",0.575
285,Encoding,2,"[""encoding"", ""encoded""]",0.231
286,Widgets Menus,3,"[""widgets menus"", ""toolkit widgets menus xp"", ""xp toolkit widgets menus""]",0.312
287,Original Ext,2,"[""ext"", ""original ext""]",0.178
288,Progid,1,"[""progid""]",0.103
289,Option Disappears,2,"[""option disappears"", ""browser option disappears""]",0.31
290,Etp,1,"[""etp""]",0.108
291,Begins,2,"[""begins"", ""start""]",0.238
292,Movewelcomeicon,1,"[""movewelcomeicon""]",0.057
293,Urls 255,2,"[""urls 255"", ""urls 255 characters""]",0.292
294,Report Serves,1,"[""report serves""]",0.139
295,Scaling,3,"[""scaling"", ""scaled"", ""scale""]",0.14
296,Evaluation,1,"[""evaluation""]",0.147
297,Text Mail,2,"[""text mail"", ""plain text mail""]",0.18
298,Cursor Changes,6,"[""cursor"", ""cursors"", ""cursor"", ""cursor changes"", ""change cursor"", ""selection cursor""]",1.063
299,Engineering Groups,1,"[""engineering groups""]",0.248
300,Needinfo,1,"[""needinfo""]",0.13
301,95 Service Pack,3,"[""95 service pack"", ""windows 95 service"", ""windows 95 service pack""]",0.402
302,Xul File Chrome Messenger,2,"[""xul file chrome messenger"", ""localizable xul file chrome""]",0.278
303,Invisible,1,"[""invisible""]",0.107
304,Garbled,1,"[""garbled""]",0.108
305,Add Adapters,2,"[""add adapters"", ""issue add adapters""]",0.252
306,Nsappcoresmanager Shutdown,2,"[""nsappcoresmanager"", ""nsappcoresmanager shutdown""]",0.364
307,Runtime Working,1,"[""runtime working""]",0.088
308,Obtain,1,"[""obtain""]",0.157
309,Section Keys,1,"[""section keys""]",0.089
310,Jimmy,2,"[""jimmy"", ""jimmy""]",0.414
311,Strict,1,"[""strict""]",0.1
312,Cpu Usage,2,"[""cpu"", ""cpu usage""]",0.126
313,Check Cer Lang Left,1,"[""check cer lang left""]",0.096
314,Poll,1,"[""poll""]",0.055
315,Typing,2,"[""typing"", ""typing""]",0.392
316,Extra Word,1,"[""extra word""]",0.132
317,Metadata,2,"[""metadata"", ""metadata""]",0.306
318,Donna,1,"[""donna""]",0.104
319,Naming,1,"[""naming""]",0.075
320,Selection Offsets,1,"[""selection offsets""]",0.137
321,Merge Fenix Closes Fall,1,"[""merge fenix closes fall""]",0.157
322,Rules,2,"[""rules"", ""rules""]",0.316
323,Yields Premature,1,"[""yields premature""]",0.087
324,Dhtml Performance,2,"[""dhtml"", ""dhtml performance""]",0.121
325,Testcase Displays,4,"[""testcase"", ""testcase"", ""testcase displays"", ""second testcase""]",0.608
326,Character Err,1,"[""character err""]",0.115
327,Networking,2,"[""networking"", ""network""]",0.181
328,Rdf Initialization,2,"[""rdf initialization"", ""initialize rdf""]",0.388
329,Updateview Function,2,"[""updateview"", ""updateview function""]",0.251
330,Tinderbox,1,"[""tinderbox""]",0.124
331,08 Mtest,2,"[""mtest"", ""08 mtest""]",0.19
332,Document Createentityreference,2,"[""createentityreference"", ""document createentityreference""]",0.201
333,Triggering,1,"[""triggering""]",0.107
334,Interesting Unfortunately,1,"[""interesting unfortunately""]",0.117
335,Binary Data,2,"[""binary"", ""binary data""]",0.363
336,M10 Task,2,"[""m10 task"", ""m10 tasks adding""]",0.278
337,Cavalier,1,"[""cavalier""]",0.099
338,Pagedown,1,"[""pagedown""]",0.079
339,Link Element,2,"[""link element"", ""link elements""]",0.076
340,Perl,1,"[""perl""]",0.088
341,Beam,1,"[""beam""]",0.135
342,Generated Content,1,"[""generated content""]",0.108
343,Uudecode,1,"[""uudecode""]",0.102
344,Controller,1,"[""controller""]",0.076
345,Restriction,2,"[""restriction"", ""restrictions""]",0.18
346,Spec Mac Exceptions,2,"[""spec mac exceptions"", ""installer spec mac exceptions""]",0.178
347,Data Class Parcelable Fenix,1,"[""data class parcelable fenix""]",0.108
348,Getbasewindowfromwindow,1,"[""getbasewindowfromwindow""]",0.068
349,Add Number,3,"[""numbers"", ""add number"", ""numbers""]",0.588
350,Original File,1,"[""original file""]",0.087
351,Rtf,1,"[""rtf""]",0.131
352,Group Headings,1,"[""group headings""]",0.162
353,Settextproperty,1,"[""settextproperty""]",0.17
354,Const Nsresult,2,"[""nsresult"", ""const nsresult""]",0.203
355,Xpfe Engineer,2,"[""xpfe engineer"", ""appropriate xpfe engineer""]",0.294
356,Key,2,"[""key"", ""keys""]",0.175
357,Pointer,1,"[""pointer""]",0.112
358,Windows Ver,1,"[""windows ver""]",0.053
359,Ins Quite Right,1,"[""ins quite right""]",0.155
360,266 Mhz,4,"[""mhz"", ""mhz p2 96 mb"", ""266 mhz"", ""mhz""]",0.554
361,File Types,2,"[""file type native windows"", ""file types""]",0.139
362,Launch Hey,2,"[""launch hey"", ""launch""]",0.209
363,Composer,1,"[""composer""]",0.087
364,Codes,1,"[""codes""]",0.121
365,Implement Signed Scripts Entering,2,"[""implement signed scripts entering"", ""arch implement signed scripts""]",0.298
366,I18N Dependencies,1,"[""i18n dependencies""]",0.248
367,Meta,2,"[""meta"", ""meta""]",0.624
368,Hip Deep,1,"[""hip deep""]",0.085
369,Md4,1,"[""md4""]",0.054
370,Iis,1,"[""iis""]",0.054
371,Various Threads,2,"[""threads"", ""various threads""]",0.157
372,Swap Foreground,1,"[""swap foreground""]",0.152
373,Blank Browser,2,"[""blank browser"", ""blank browser window""]",0.244
374,Display Run,1,"[""display run""]",0.085
375,Netlib Thread,2,"[""netlib thread"", ""netlib""]",0.198
376,Dns,1,"[""dns""]",0.09
377,Rfe Ability,2,"[""rfe"", ""rfe ability""]",0.175
378,Single Signon,3,"[""signon"", ""single signon"", ""signons""]",0.439
379,List 10,1,"[""list 10""]",0.077
380,End Tags,1,"[""end tags""]",0.098
381,70S,1,"[""70s""]",0.104
382,Redundancy,1,"[""redundancy""]",0.121
383,Forward History,1,"[""forward history""]",0.048
384,Password Dialog,2,"[""password dialog"", ""password dialog box starts""]",0.417
385,Host,3,"[""host"", ""host"", ""hostname""]",0.36
386,Genmodulebase,1,"[""genmodulebase""]",0.119
387,Pop Folders,2,"[""pop folders"", ""loading pop folders""]",0.146
388,Nt Sp5,2,"[""nt sp5"", ""nt5""]",0.209
389,Necko Lands,8,"[""necko"", ""necko lands"", ""necko landing right"", ""necko"", ""necko"", ""necko responsibility"", ""post necko"", ""necko""]",2.123
390,Www Authenticate,5,"[""authentication"", ""auth"", ""authenticate"", ""www authenticate"", ""authorization""]",0.255
391,Routine Prepending Sd,2,"[""routine prepending sd"", ""uncompression routine prepending sd""]",0.3
392,Displays,1,"[""displays""]",0.07
393,Createattribute,1,"[""createattribute""]",0.078
394,Mccabe,2,"[""mccabe"", ""mccabe""]",0.594
395,Chars Lang,3,"[""chars lang"", ""latin1 chars lang"", ""latin chars lang""]",0.355
396,Mailnews Mime,2,"[""mailnews"", ""mailnews mime""]",0.269
397,Explicitly Changed,1,"[""explicitly changed""]",0.113
398,Nsblockframe Cpp,2,"[""nsblockframe cpp"", ""nsblockframe""]",0.195
399,Tooltip,4,"[""tooltip"", ""tooltips"", ""tooltips"", ""tooltip""]",0.742
400,Longer Netscape Changing,3,"[""longer netscape changing"", ""netscape changing qa"", ""longer netscape changing qa""]",0.651
401,Case Image,1,"[""case image""]",0.097
402,Tabs Fenix,2,"[""tabs fenix"", ""pwa tabs fenix""]",0.192
403,Html4 Support,1,"[""html4 support""]",0.097
404,General Ini Section Parsing,1,"[""general ini section parsing""]",0.089
405,Widget Set,2,"[""widget set"", ""widget set""]",0.398
406,Seperate,2,"[""seperate"", ""separating""]",0.212
407,Repaint,2,"[""repaint"", ""painting""]",0.181
408,Renders,2,"[""renders"", ""rendered""]",0.237
409,Dtds,2,"[""dtds"", ""dtd""]",0.243
410,Agent Pref,2,"[""agent pref"", ""user agent pref""]",0.178
411,Neatly Sidestep,2,"[""sidestep"", ""neatly sidestep""]",0.216
412,Chromium,1,"[""chromium""]",0.069
413,Body,1,"[""body""]",0.132
414,Sidebar,2,"[""sidebar"", ""sidebar""]",0.486
415,Popups,2,"[""popups"", ""popup""]",0.185
416,Xul Localizable,4,"[""localizable xul file"", ""xul localizable"", ""non localizable xul"", ""xul non localizable xul""]",0.556
417,Source Window,1,"[""source window""]",0.09
418,Shouldn Work Completely,1,"[""shouldn work completely""]",0.088
419,Tall Image,1,"[""tall image""]",0.155
420,Selectable Items,1,"[""selectable items""]",0.131
421,Button Css,2,"[""button css"", ""communicator button css""]",0.146
422,Xul Non,4,"[""xul"", ""xul non"", ""xul css"", ""xul""]",0.881
423,Browser Option,2,"[""browser option"", ""default browser option""]",0.31
424,Control,1,"[""control""]",0.086
425,Sp5 Changing Summary,2,"[""sp5 changing summary"", ""winnt4 sp5 changing summary""]",0.264
426,Foomodule,1,"[""foomodule""]",0.085
427,Location Apath,2,"[""apath"", ""location apath""]",0.204
428,Comm Opt,2,"[""comm"", ""comm opt""]",0.226
429,Netscape Confidential,2,"[""netscape confidential"", ""netscape confidential""]",0.592
430,Expand Sz,3,"[""expand sz"", ""reg expand sz"", ""example reg expand sz""]",0.453
431,Keypress Keyup,2,"[""onkeypress"", ""keypress keyup""]",0.267
432,Summary Field,2,"[""summary field removing extraneous"", ""summary field""]",0.228
433,Textarea,2,"[""textarea"", ""textarea""]",0.324
434,Makefile,1,"[""makefile""]",0.136
435,18 00,1,"[""18 00""]",0.103
436,Right Click,1,"[""right click""]",0.043
437,Nsipluginmanger Geturl,2,"[""nsipluginmanger geturl"", ""calling nsipluginmanger geturl""]",0.234
438,Application Support,1,"[""application support""]",0.066
439,Apps Html Dialogs,3,"[""apps html dialogs"", ""xp apps html"", ""xp apps html dialogs""]",0.489
440,Beta3,3,"[""beta3"", ""beta2"", ""beta2""]",0.393
441,Getcontent Aselement Islink,1,"[""getcontent aselement islink""]",0.096
442,Xlink Title,2,"[""xlink"", ""xlink title""]",0.12
443,Mathml,1,"[""mathml""]",0.071
444,Webkit,1,"[""webkit""]",0.068
445,Parent Window,2,"[""parent window"", ""child window""]",0.096
446,Rjc,1,"[""rjc""]",0.104
447,Getdragstate,1,"[""getdragstate""]",0.096
448,Nss,1,"[""nss""]",0.05
449,Macintosh Save,1,"[""macintosh save""]",0.147
450,Netscape En Unix Shouldn,1,"[""netscape en unix shouldn""]",0.119
451,Appleevents,2,"[""appleevents"", ""appleevent""]",0.175
452,Damn Cnn,1,"[""damn cnn""]",0.117
453,Select,4,"[""select"", ""selection"", ""selection"", ""selecting""]",0.678
454,M11 Moving,2,"[""m11 moving"", ""m11 works correctly""]",0.196
455,Focus Pseudo Class,1,"[""focus pseudo class""]",0.084
456,Dotted Borders,5,"[""dotted"", ""dotted borders"", ""dotted"", ""dotted"", ""dotted line""]",1.264
457,Generror,1,"[""generror""]",0.085
458,Thread Pane,2,"[""thread pane"", ""thread pane""]",0.564
459,Context Settings,2,"[""context settings"", ""style context settings""]",0.154
460,Easily Confused,1,"[""easily confused""]",0.132
461,Hardware,1,"[""hardware""]",0.068
462,Context Menus,2,"[""context menus"", ""native context menus""]",0.301
463,Architectural Work,2,"[""architectural work"", ""fundamental architectural work""]",0.298
464,Shutdown Messenger,3,"[""shutdown"", ""shutdown messenger"", ""shutdown""]",0.949
465,Putting Paw,1,"[""putting paw""]",0.11
466,Border Style,3,"[""border style"", ""border"", ""border""]",0.466
467,Nsifilespec Idl,2,"[""nsifilespec"", ""nsifilespec idl""]",0.216
468,Screen,1,"[""screen""]",0.105
469,Ship Beta,1,"[""ship beta""]",0.132
470,Moi La Deluge Merci,1,"[""moi la deluge merci""]",0.077
471,Dll Necko,3,"[""dll necko"", ""necko dll"", ""dll necko dll""]",0.367
472,Ver,1,"[""ver""]",0.064
473,Layout Base Src Nsframeimageloader,2,"[""layout base src nsframeimageloader"", ""base src nsframeimageloader cpp""]",0.166
474,Pref Network Proxy Http,2,"[""pref network proxy http"", ""user pref network proxy""]",0.25
475,Altgr Key,2,"[""altgr"", ""altgr key""]",0.157
476,News Networking,2,"[""news networking"", ""mail news networking""]",0.21
477,Window Means,1,"[""window means""]",0.04
478,File Chrome,2,"[""file chrome"", ""file chrome messenger content""]",0.278
479,Refactoring,1,"[""refactoring""]",0.092
480,Hold,1,"[""hold""]",0.109
481,Xptoolkit Xpwidget,1,"[""xptoolkit xpwidget""]",0.108
482,Navigation,1,"[""navigation""]",0.042
483,Premature Scroll Bar,1,"[""premature scroll bar""]",0.087
484,Download Tgz,4,"[""tgz"", ""download tgz"", ""download tgz file"", ""tgz files""]",0.562
485,Max Element,2,"[""max element"", ""max element size""]",0.297
486,Unix Shouldn,2,"[""unix shouldn"", ""unix""]",0.18
487,Agent String,2,"[""agent string"", ""user agent string""]",0.286
488,Scrolling Disabled,1,"[""scrolling disabled""]",0.149
489,Issue Set,1,"[""issue set""]",0.155
490,Exhibit,1,"[""exhibit""]",0.053
491,Ui Spec,1,"[""ui spec""]",0.055
492,Native Context,1,"[""native context""]",0.147
493,Samba,1,"[""samba""]",0.047
494,Ns Style User Modify,1,"[""ns style user modify""]",0.131
495,Xml Xhtml,2,"[""xhtml"", ""xml xhtml""]",0.241
496,Change Pushed,1,"[""change pushed""]",0.157
497,Title Attribute,1,"[""title attribute""]",0.063
498,Text Frames,1,"[""text frames""]",0.088
499,Page Title,3,"[""page title"", ""title html"", ""page title html""]",0.256
500,Nt Xp,1,"[""nt xp""]",0.051
501,Selected Option,2,"[""selected option"", ""selected option drawn""]",0.154
502,Anymore,1,"[""anymore""]",0.159
503,Trivia Sake,1,"[""trivia sake""]",0.139
504,Chapter,1,"[""chapter""]",0.045
505,Span,1,"[""span""]",0.049
506,Quit,1,"[""quit""]",0.137
507,Buzilla,1,"[""buzilla""]",0.149
508,Level,1,"[""level""]",0.204
509,Nsnull Aview Null View,1,"[""nsnull aview null view""]",0.093
510,Idl,1,"[""idl""]",0.088
511,Mats,1,"[""mats""]",0.096
512,Recorded,1,"[""recorded""]",0.11
513,Min,1,"[""min""]",0.093
514,Ui Add,1,"[""ui add""]",0.157
515,Skin Work,1,"[""skin work""]",0.085
516,Available Shortly,1,"[""available shortly""]",0.149
517,Box Handy,1,"[""box handy""]",0.099
518,Workaround,1,"[""workaround""]",0.087
519,00 950A,2,"[""00 950a"", ""00 950""]",0.268
520,Spawned,1,"[""spawned""]",0.041
521,Shy,1,"[""shy""]",0.081
522,Test Suite Compliance,1,"[""test suite compliance""]",0.071
523,Nitpick,1,"[""nitpick""]",0.139
524,Independent,1,"[""independent""]",0.1
525,Jay,1,"[""jay""]",0.163
526,Clsid,1,"[""clsid""]",0.089
527,Akkana,1,"[""akkana""]",0.095
528,Des,1,"[""des""]",0.043
529,Layout Constraints,1,"[""layout constraints""]",0.139
530,Api,1,"[""api""]",0.093
531,Clipboard,2,"[""clipboard"", ""clipboard""]",0.334
532,Middle,1,"[""middle""]",0.1
533,Public,1,"[""public""]",0.118
534,Embed,1,"[""embed""]",0.073
535,Set Default,2,"[""set default"", ""default""]",0.167
536,Replay,1,"[""replay""]",0.137
537,Iterators,1,"[""iterators""]",0.098
538,Area Instead,1,"[""area instead""]",0.108
539,Gated,1,"[""gated""]",0.163
540,Instead Returned,1,"[""instead returned""]",0.078
541,Match,1,"[""match""]",0.096
542,Wallet,1,"[""wallet""]",0.141
543,Sun Firewall,1,"[""sun firewall""]",0.117
544,Graphical,1,"[""graphical""]",0.086
545,Link Toolbar,6,"[""toolbar"", ""link toolbar"", ""toolbars"", ""toolbar"", ""toolbar behavior"", ""toolbar""]",0.895
546,Deprecated,1,"[""deprecated""]",0.078
547,Stupid Error,2,"[""stupid error"", ""correct stupid error""]",0.156
548,Undo,1,"[""undo""]",0.19
549,Standard Mode,1,"[""standard mode""]",0.115
550,Main Iteration,2,"[""main iteration"", ""main iteration""]",0.388
551,Item Viewholders,1,"[""item viewholders""]",0.126
552,Document Body Style,1,"[""document body style""]",0.04
553,Called Twice,1,"[""called twice""]",0.161
554,Specific,1,"[""specific""]",0.082
555,Text Pull,1,"[""text pull""]",0.098
556,Ticket,1,"[""ticket""]",0.057
557,Method,1,"[""method""]",0.086
558,Username Password,2,"[""password"", ""username password""]",0.23
559,Ascale,1,"[""ascale""]",0.04
560,Remarking,1,"[""remarking""]",0.085
561,Geckoautocompletestoragedelegate,1,"[""geckoautocompletestoragedelegate""]",0.133
562,Bogus Clearing,1,"[""bogus clearing""]",0.098
563,Gfx Text,1,"[""gfx text""]",0.106
564,Unusable,1,"[""unusable""]",0.134
565,Nsidombaseappcore,1,"[""nsidombaseappcore""]",0.182
566,Sspi,1,"[""sspi""]",0.054
567,Valeski,1,"[""valeski""]",0.1
568,Html Metabug,1,"[""html metabug""]",0.097
569,Easy Way,1,"[""easy way""]",0.086
570,Scott Work,1,"[""scott work""]",0.108
571,Tree Scrolls,1,"[""tree scrolls""]",0.183
572,Breaking,1,"[""breaking""]",0.057
573,Viewing Pleasure,1,"[""viewing pleasure""]",0.086
574,Oji,2,"[""oji"", ""oji""]",0.572
575,Press,1,"[""press""]",0.145
576,Mis,1,"[""mis""]",0.186
577,266,1,"[""266""]",0.091
578,Home Httpd Html,1,"[""home httpd html""]",0.102
579,Custom,1,"[""custom""]",0.053
580,Nsobjectloadingcontent,1,"[""nsobjectloadingcontent""]",0.069
581,Critical,1,"[""critical""]",0.083
582,M10 Damn Cnn Removed,1,"[""m10 damn cnn removed""]",0.117
583,P2 Enhancement,1,"[""p2 enhancement""]",0.139
584,Safari,1,"[""safari""]",0.052
585,Rick 1W,1,"[""rick 1w""]",0.125
586,Cancel Button,1,"[""cancel button""]",0.204
587,Positioning,1,"[""positioning""]",0.176
588,Key Html,1,"[""key html""]",0.086
589,Cfg,1,"[""cfg""]",0.11
590,Event Viewer,1,"[""event viewer""]",0.086
591,Destinctive,1,"[""destinctive""]",0.132
592,Annoyed Usually Available,1,"[""annoyed usually available""]",0.113
593,Live,1,"[""live""]",0.084
594,Evena,1,"[""evena""]",0.089
595,Closing Useless,2,"[""closing useless"", ""appropriate closing useless""]",0.496
596,Watching,1,"[""watching""]",0.171
597,Eip Ff,3,"[""eip"", ""eip ff"", ""eip""]",0.374
598,Nseventstatemanager,1,"[""nseventstatemanager""]",0.174
599,Stranger,1,"[""stranger""]",0.095
600,Behaviour Spec,1,"[""behaviour spec""]",0.072
601,Mlines,1,"[""mlines""]",0.101
602,Resummarizing,1,"[""resummarizing""]",0.098
603,Ready,1,"[""ready""]",0.09
604,Known Ahead,1,"[""known ahead""]",0.155
605,Res Samples,1,"[""res samples""]",0.172
606,Keyword Server,1,"[""keyword server""]",0.059
607,Bluejay,1,"[""bluejay""]",0.059
608,Service Creates,1,"[""service creates""]",0.095
609,Setattr,1,"[""setattr""]",0.053
610,Structs,1,"[""structs""]",0.242
611,Content Type,1,"[""content type""]",0.089
612,Did Intend,1,"[""did intend""]",0.139
613,Requestor,1,"[""requestor""]",0.095
614,Previous,1,"[""previous""]",0.149
615,Intended,1,"[""intended""]",0.105
616,Dont,1,"[""dont""]",0.128
617,Patch V0,1,"[""patch v0""]",0.058
618,Design Decision,1,"[""design decision""]",0.108
619,Margin 1Em,1,"[""margin 1em""]",0.064
620,Autocomplete,1,"[""autocomplete""]",0.133
621,Unless Qa,1,"[""unless qa""]",0.139
622,Verfied,1,"[""verfied""]",0.132
623,Crash,1,"[""crash""]",0.08
624,String Smrtupdt,1,"[""string smrtupdt""]",0.082
625,Resize Browser,2,"[""resize browser"", ""resize browser window""]",0.172
626,Gzip,1,"[""gzip""]",0.088
627,Page Loading Communicator,1,"[""page loading communicator""]",0.074
628,Deleted Feature,1,"[""deleted feature""]",0.149
629,Inquiry,1,"[""inquiry""]",0.057
630,Mcom,1,"[""mcom""]",0.085
631,Bmw,1,"[""bmw""]",0.09
632,Var,1,"[""var""]",0.093
633,Gif,1,"[""gif""]",0.084
634,Founder,1,"[""founder""]",0.055
635,Copy Operation,1,"[""copy operation""]",0.086
636,Expanding,1,"[""expanding""]",0.109
637,Help Roll,1,"[""help roll""]",0.278
638,Visited,1,"[""visited""]",0.078
639,App,1,"[""app""]",0.058
640,Email Talked,1,"[""email talked""]",0.103
641,Copyright,1,"[""copyright""]",0.038
642,Os Field,1,"[""os field""]",0.059
643,Vectra Vl,1,"[""vectra vl""]",0.091
644,Objecturichanged,1,"[""objecturichanged""]",0.056
645,M9 Feel Free,1,"[""m9 feel free""]",0.139
646,Reappears,1,"[""reappears""]",0.099
647,Extraction,1,"[""extraction""]",0.1
648,Mozillazine Page,1,"[""mozillazine page""]",0.083
649,Bonsai,1,"[""bonsai""]",0.088
650,Lets,2,"[""lets"", ""lets""]",0.412
651,Idiot,1,"[""idiot""]",0.119
652,Dashed,1,"[""dashed""]",0.103
653,Ascent,1,"[""ascent""]",0.122
654,Gimp Works Fine Reassigning,1,"[""gimp works fine reassigning""]",0.099
655,Nsichannel,1,"[""nsichannel""]",0.105
656,Nscssframeconstructor,1,"[""nscssframeconstructor""]",0.055
657,Href Foo Html,1,"[""href foo html""]",0.097
658,Movegeckoicon,1,"[""movegeckoicon""]",0.06
659,Listed,1,"[""listed""]",0.069
660,Shrink,1,"[""shrink""]",0.106
661,Machines,1,"[""machines""]",0.095
662,Usual According,1,"[""usual according""]",0.108
663,Classification,1,"[""classification""]",0.082
664,Experiment Fenix,1,"[""experiment fenix""]",0.139
665,Messenger Content Default,2,"[""messenger content default"", ""chrome messenger content default""]",0.278
666,Plugin,2,"[""plugin"", ""plugins""]",0.152
667,Unused,1,"[""unused""]",0.049
668,Gtk Signal Connect Object,1,"[""gtk signal connect object""]",0.09
669,Truncated,1,"[""truncated""]",0.104
670,Head,1,"[""head""]",0.098
671,Anotify,1,"[""anotify""]",0.058
672,Terminated,1,"[""terminated""]",0.098
673,Bugscape,1,"[""bugscape""]",0.139
674,Addressee Line,2,"[""addressee"", ""addressee line""]",0.329
675,Protocol,1,"[""protocol""]",0.099
676,Work,1,"[""work""]",0.077
677,Globaloverlay,1,"[""globaloverlay""]",0.161
678,Closes Fall,1,"[""closes fall""]",0.157
679,Icab,1,"[""icab""]",0.039
680,Hover Style,1,"[""hover style""]",0.119
681,Map Element,1,"[""map element""]",0.082
682,Code Incorrectly M10 Reassigning,1,"[""code incorrectly m10 reassigning""]",0.073
683,File Followup,1,"[""file followup""]",0.069
684,Bndl,1,"[""bndl""]",0.066
685,Passed,1,"[""passed""]",0.112
686,710,1,"[""710""]",0.072
687,Webshell,1,"[""webshell""]",0.09
688,Cell,1,"[""cell""]",0.074
689,Automated Attack Programs,1,"[""automated attack programs""]",0.119
690,Tmpl,1,"[""tmpl""]",0.053
691,Dispatching,1,"[""dispatching""]",0.097
692,General,1,"[""general""]",0.154
693,Troublesome,1,"[""troublesome""]",0.132
694,Impersonates,1,"[""impersonates""]",0.091
695,Workflow,1,"[""workflow""]",0.163
696,Wizard,1,"[""wizard""]",0.113
697,Vendorcomment,1,"[""vendorcomment""]",0.089
698,Gfx Widgets Enabled,1,"[""gfx widgets enabled""]",0.084
699,00 Customer Wants Ability,1,"[""00 customer wants ability""]",0.103
700,Jsinterp,1,"[""jsinterp""]",0.05
701,Mail Did,1,"[""mail did""]",0.095
702,Xif,1,"[""xif""]",0.085
703,Different Platforms React,1,"[""different platforms react""]",0.086
704,Arg,1,"[""arg""]",0.056
705,Goback Goforward,1,"[""goback goforward""]",0.147
706,Leaks,1,"[""leaks""]",0.139
707,Percentage,1,"[""percentage""]",0.094
708,Putting,1,"[""putting""]",0.11
709,Cubicle,1,"[""cubicle""]",0.132
710,Window History,1,"[""window history""]",0.04
711,Netkeeping Seal,1,"[""netkeeping seal""]",0.106
712,Corners,1,"[""corners""]",0.089
713,Row,1,"[""row""]",0.159
714,Instantiate,1,"[""instantiate""]",0.066
715,Ktlint,1,"[""ktlint""]",0.126
716,Blockquote,1,"[""blockquote""]",0.072
717,Getinstallorder,1,"[""getinstallorder""]",0.139
718,Content Sinks,1,"[""content sinks""]",0.149
719,Numbers Mean Moving,1,"[""numbers mean moving""]",0.139
720,Sites,1,"[""sites""]",0.092
721,Ascii Data,1,"[""ascii data""]",0.104
722,Address Book Window,1,"[""address book window""]",0.108
723,Browser Yields Premature,1,"[""browser yields premature""]",0.087
724,Legal,1,"[""legal""]",0.053
725,Bit Bucket,2,"[""bucket"", ""bit bucket""]",0.434
726,Components Close Add Optional,1,"[""components close add optional""]",0.147
727,Control Panel,1,"[""control panel""]",0.067
728,Linktag,1,"[""linktag""]",0.044
729,Line Terminated Data,1,"[""line terminated data""]",0.098
730,Wbr,1,"[""wbr""]",0.048
731,Gtk,1,"[""gtk""]",0.104
732,Multiselect,1,"[""multiselect""]",0.072
733,Functions,1,"[""functions""]",0.154
734,Submited,1,"[""submited""]",0.139
735,Directory Listing,1,"[""directory listing""]",0.08
736,Course Defeats,1,"[""course defeats""]",0.132
737,Chrome Urls,1,"[""chrome urls""]",0.15
738,Menu Behavior Lower,1,"[""menu behavior lower""]",0.099
739,Fetch,1,"[""fetch""]",0.072
740,Force,1,"[""force""]",0.077
741,Gtk Selection Data,1,"[""gtk selection data""]",0.073
742,Test8,1,"[""test8""]",0.085
743,Download Html,1,"[""download html""]",0.087
744,10 Pt,1,"[""10 pt""]",0.162
745,Redo,1,"[""redo""]",0.144
746,Quantify,1,"[""quantify""]",0.204
747,Original Subject,1,"[""original subject""]",0.106
748,Tonewcstring,1,"[""tonewcstring""]",0.075
749,Nsstopwatch Putting,1,"[""nsstopwatch putting""]",0.11
750,Hooking,1,"[""hooking""]",0.099
751,Xul Xml,2,"[""xul xml"", ""xul xml xhtml""]",0.212
752,Winnt4 Sp5,2,"[""winnt4 sp5"", ""winnt4 sp5 changing""]",0.264
753,Communicator,1,"[""communicator""]",0.088
754,Feature Complete,1,"[""feature complete""]",0.127
755,Treat,1,"[""treat""]",0.084
756,Major,1,"[""major""]",0.098
757,Editorsetselectionfromoffset,1,"[""editorsetselectionfromoffset""]",0.17
758,Nstimergtk,1,"[""nstimergtk""]",0.083
759,Dpi,1,"[""dpi""]",0.06
760,15Th Retarget,1,"[""15th retarget""]",0.149
761,Ptr,1,"[""ptr""]",0.158
762,Include Help,1,"[""include help""]",0.119
763,Longer Promising,1,"[""longer promising""]",0.149
764,Js Invoke,1,"[""js invoke""]",0.083
765,Ttbox,1,"[""ttbox""]",0.039
766,Sched,1,"[""sched""]",0.108
767,Time,1,"[""time""]",0.074
768,Real Problem,1,"[""real problem""]",0.129
769,Type Native,1,"[""type native""]",0.073
770,Blinking,2,"[""blinking"", ""blink""]",0.313
771,Const,1,"[""const""]",0.126
772,Comctl32 Dll,2,"[""comctl32"", ""comctl32 dll""]",0.468
773,Discontiguous Selection,1,"[""discontiguous selection""]",0.113
774,Autofill,1,"[""autofill""]",0.142
775,Checksetup,1,"[""checksetup""]",0.053
776,Wine Download,1,"[""wine download""]",0.07
777,Script,2,"[""script"", ""script""]",0.334
778,Smart Window,1,"[""smart window""]",0.066
779,Seamonkey Non Crypto,1,"[""seamonkey non crypto""]",0.278
780,07 13 33 Enhancements,1,"[""07 13 33 enhancements""]",0.103
781,015F,2,"[""015f"", ""013f""]",0.205
782,Properties Windows,2,"[""properties windows"", ""properties windows ver""]",0.106
783,Sizes Message Window,1,"[""sizes message window""]",0.103
784,Cloned Window,2,"[""cloned window"", ""clone window""]",0.103
785,Sync Strings Workflow,1,"[""sync strings workflow""]",0.163
786,Stream,1,"[""stream""]",0.122
787,Shapes,1,"[""shapes""]",0.072
788,Picker Dialog,1,"[""picker dialog""]",0.147
789,Output,1,"[""output""]",0.088
790,Authors,1,"[""authors""]",0.065
791,C1 7F,1,"[""c1 7f""]",0.05
792,Html Document Inside,1,"[""html document inside""]",0.095
793,Fallback,1,"[""fallback""]",0.054
794,Shrink Wrapping,2,"[""shrink wrapping"", ""wrapping""]",0.187
795,Internet Config,1,"[""internet config""]",0.066
796,Xx Seconds,1,"[""xx seconds""]",0.141
797,Deluge,1,"[""deluge""]",0.077
798,Access,1,"[""access""]",0.091
799,Truncation,1,"[""truncation""]",0.104
800,Called Took,1,"[""called took""]",0.139
801,Added Word Arch,1,"[""added word arch""]",0.149
802,Recently Closed,1,"[""recently closed""]",0.132
803,Getskippedcontent,1,"[""getskippedcontent""]",0.163
804,Followup,1,"[""followup""]",0.088
805,Vote,1,"[""vote""]",0.088
806,Transitional,1,"[""transitional""]",0.088
807,W3Proxy,1,"[""w3proxy""]",0.091
808,Imagelib,1,"[""imagelib""]",0.151
809,Snipe,1,"[""snipe""]",0.161
810,P3 450,1,"[""p3 450""]",0.053
811,Choffman Sez,1,"[""choffman sez""]",0.217
812,Provider Request,1,"[""provider request""]",0.07
813,En X11,1,"[""en x11""]",0.202
814,Ecx Ds 013F Esi,2,"[""ecx ds 013f esi"", ""ds 013f esi fs""]",0.148
815,Background Highlight,2,"[""highlight"", ""background highlight""]",0.307
816,Hasn Gone,1,"[""hasn gone""]",0.095
817,Compliance,1,"[""compliance""]",0.081
818,Approval,1,"[""approval""]",0.084
819,Verticalalignframes,1,"[""verticalalignframes""]",0.077
820,07 13 33,1,"[""07 13 33""]",0.174
821,Performance Analysis Clobbering,1,"[""performance analysis clobbering""]",0.095
822,Url Parsing,1,"[""url parsing""]",0.157
823,Required Did,1,"[""required did""]",0.132
824,Message Netscape Caused,1,"[""message netscape caused""]",0.074
825,International,1,"[""international""]",0.077
826,M10 Added Dependencies,1,"[""m10 added dependencies""]",0.139
827,Times Updating Qa,1,"[""times updating qa""]",0.11
828,Destroyed,1,"[""destroyed""]",0.133
829,Libxpcom,1,"[""libxpcom""]",0.057
830,Navigator Exits File,1,"[""navigator exits file""]",0.139
831,Nullplugin,1,"[""nullplugin""]",0.056
832,Current Page,1,"[""current page""]",0.134
833,Addressing Field,1,"[""addressing field""]",0.147
834,Appcore Shutdown,4,"[""shutdown change appcores"", ""appcore shutdown"", ""appcore shutdown change"", ""appcore shutdown change appcores""]",0.432
835,Pasting,1,"[""pasting""]",0.062
836,Webtools,1,"[""webtools""]",0.088
837,Named Anchor,1,"[""named anchor""]",0.05
838,Compact Attribute,1,"[""compact attribute""]",0.091
839,Gdb,1,"[""gdb""]",0.074
840,Declaring Type,1,"[""declaring type""]",0.101
841,Grumble,1,"[""grumble""]",0.115
842,Filemon,1,"[""filemon""]",0.055
843,Exception,1,"[""exception""]",0.093
844,Keyboard Layout,3,"[""keyboard layout"", ""international keyboard"", ""international keyboard layout""]",0.209
845,Depend,2,"[""depend"", ""depends""]",0.337
846,Square,1,"[""square""]",0.101
847,Username,1,"[""username""]",0.098
848,Mcd Bij,1,"[""mcd bij""]",0.089
849,Overflow Area,1,"[""overflow area""]",0.096
850,Edittext,1,"[""edittext""]",0.163
851,Editshell Exit,2,"[""editshell exit"", ""calls editshell exit""]",0.19
852,Strings,1,"[""strings""]",0.109
853,Confidential,1,"[""confidential""]",0.138
854,Watchlist,1,"[""watchlist""]",0.217
855,Line Engineers,1,"[""line engineers""]",0.085
856,Pull,1,"[""pull""]",0.118
857,Splitter,1,"[""splitter""]",0.108
858,M30 Mass,1,"[""m30 mass""]",0.149
859,Soft,1,"[""soft""]",0.086
860,Ctrl,1,"[""ctrl""]",0.049
861,Ought,1,"[""ought""]",0.115
862,Results Scrolling,2,"[""results scrolling"", ""expected results scrolling""]",0.237
863,Rel,1,"[""rel""]",0.051
864,Xpcom,1,"[""xpcom""]",0.109
865,Produces,1,"[""produces""]",0.085
866,Beta Unless,1,"[""beta unless""]",0.119
867,Mascent,1,"[""mascent""]",0.088
868,Ua Css,1,"[""ua css""]",0.078
869,Nav Window,1,"[""nav window""]",0.091
870,Corrupted,1,"[""corrupted""]",0.091
871,Gmain,1,"[""gmain""]",0.095
872,Mouseover Links,1,"[""mouseover links""]",0.096
873,Nimbus Experiment,1,"[""nimbus experiment""]",0.139
874,Adapt,1,"[""adapt""]",0.104
875,Poster,1,"[""poster""]",0.098
876,Point Closing,1,"[""point closing""]",0.095
877,Succession,1,"[""succession""]",0.094
878,Alternative Text,1,"[""alternative text""]",0.075
879,Generate Bookmarks Folders Automatically,1,"[""generate bookmarks folders automatically""]",0.07
880,Accepting,1,"[""accepting""]",0.075
881,Progress,1,"[""progress""]",0.137
882,Run Ins,1,"[""run ins""]",0.069
883,Ime,1,"[""ime""]",0.13
884,Device,1,"[""device""]",0.042
885,Finish Rendering,1,"[""finish rendering""]",0.163
886,Ender,1,"[""ender""]",0.065
887,Regions,1,"[""regions""]",0.158
888,Desired Size,1,"[""desired size""]",0.078
889,Future Moving,1,"[""future moving""]",0.086
890,Time Stamp,1,"[""time stamp""]",0.11
891,Doctype,1,"[""doctype""]",0.094
892,Applet,2,"[""applet"", ""applets""]",0.329
893,Image Url,1,"[""image url""]",0.05
894,Url Bar,1,"[""url bar""]",0.125
895,Classic,1,"[""classic""]",0.091
896,Existing Words,1,"[""existing words""]",0.132
897,Updateview Drops Dirty Rects,1,"[""updateview drops dirty rects""]",0.093
898,Till,1,"[""till""]",0.074
899,Eborderstyle,1,"[""eborderstyle""]",0.108
900,Sec,1,"[""sec""]",0.07
901,Pub Users,1,"[""pub users""]",0.08
902,Pref Cleanup,1,"[""pref cleanup""]",0.139
903,Pointy,1,"[""pointy""]",0.149
904,Magic Number,1,"[""magic number""]",0.139
905,Content Area,1,"[""content area""]",0.111
906,Handling Hasn Gone,1,"[""handling hasn gone""]",0.095
907,Connection,2,"[""connection"", ""connection""]",0.29
908,Boys,1,"[""boys""]",0.2
909,Upper,1,"[""upper""]",0.088
910,Best Results View,1,"[""best results view""]",0.217
911,Fires,1,"[""fires""]",0.134
912,Trigger Repaint,1,"[""trigger repaint""]",0.093
913,Talkback,2,"[""talkback"", ""talkback""]",0.39
914,Link Types,1,"[""link types""]",0.04
915,Schedule,1,"[""schedule""]",0.219
916,Close Add Optional User,1,"[""close add optional user""]",0.147
917,Ia32,1,"[""ia32""]",0.059
918,Html Input,1,"[""html input""]",0.134
919,Fun,1,"[""fun""]",0.123
920,Document Inside Apprunner,1,"[""document inside apprunner""]",0.095
921,Separator,1,"[""separator""]",0.109
922,List Style,1,"[""list style""]",0.05
923,Support Urls,1,"[""support urls""]",0.104
924,Localizable,1,"[""localizable""]",0.235
925,Xor,1,"[""xor""]",0.189
926,Mail Specific,1,"[""mail specific""]",0.095
927,Messenger,1,"[""messenger""]",0.155
928,Dead Key,2,"[""dead key"", ""dead keys""]",0.19
929,Whiteboard,1,"[""whiteboard""]",0.106
930,M20,1,"[""m20""]",0.141
931,Require Passwords,1,"[""require passwords""]",0.163
932,Japanese,1,"[""japanese""]",0.072
933,Minus Extension,1,"[""minus extension""]",0.097
934,Dl Compact,3,"[""dl compact"", ""compact dls"", ""compact dl""]",0.253
935,User Modify,1,"[""user modify""]",0.184
936,Caption,2,"[""caption"", ""captions""]",0.389
937,Quantify Trace,1,"[""quantify trace""]",0.161
938,Form Element,1,"[""form element""]",0.098
939,Cite,1,"[""cite""]",0.058
940,Nsmacmessagepump,1,"[""nsmacmessagepump""]",0.059
941,Js Set,1,"[""js set""]",0.073
942,Happy Campers,1,"[""happy campers""]",0.248
943,Unlikely Case,1,"[""unlikely case""]",0.157
944,Pgdn,1,"[""pgdn""]",0.064
945,Menu Shell Append,1,"[""menu shell append""]",0.073
946,Cut Copy,1,"[""cut copy""]",0.122
947,Uber,1,"[""uber""]",0.278
948,Imported,1,"[""imported""]",0.127
949,Arguments,1,"[""arguments""]",0.103
950,Panels,1,"[""panels""]",0.103
951,Mfirstchild,1,"[""mfirstchild""]",0.077
952,Feature Arch Implement Signed,1,"[""feature arch implement signed""]",0.149
953,Rod Hooked,1,"[""rod hooked""]",0.073
954,Httpd,1,"[""httpd""]",0.102
955,255 Characters,1,"[""255 characters""]",0.18
956,Topsy Turvy,1,"[""topsy turvy""]",0.132
957,Manager,1,"[""manager""]",0.092
958,8Bit Characters,2,"[""8bit"", ""8bit characters""]",0.249
959,Single Quote,1,"[""single quote""]",0.092
960,Nswebshellwindow,1,"[""nswebshellwindow""]",0.048
961,Ie8,1,"[""ie8""]",0.061
962,Little Girls,1,"[""little girls""]",0.217
963,Flyingwindows,1,"[""flyingwindows""]",0.112
964,Tutorial,1,"[""tutorial""]",0.095
965,Components Update,1,"[""components update""]",0.163
966,Unmodified,1,"[""unmodified""]",0.107
967,Text Areas,1,"[""text areas""]",0.113
968,P2 96,1,"[""p2 96""]",0.091
969,Inline Table,1,"[""inline table""]",0.072
970,Win95 Tested 16,1,"[""win95 tested 16""]",0.079
971,Xul Res,2,"[""xul res"", ""xul res samples""]",0.336
972,Best Results,1,"[""best results""]",0.217
973,Correct Stupid,1,"[""correct stupid""]",0.078
974,Encoding Menu,1,"[""encoding menu""]",0.112
975,Glossary,1,"[""glossary""]",0.04
976,Open Link,1,"[""open link""]",0.061
977,Malloc,1,"[""malloc""]",0.055
978,Add,1,"[""add""]",0.11
979,Raptorview,1,"[""raptorview""]",0.139
980,Swap,1,"[""swap""]",0.174
981,History,1,"[""history""]",0.091
982,Buglist,1,"[""buglist""]",0.052
983,Includes,1,"[""includes""]",0.091
984,Phase,1,"[""phase""]",0.124
985,Messenger Performance,1,"[""messenger performance""]",0.073
986,Samples,1,"[""samples""]",0.172
987,12 28 53,1,"[""12 28 53""]",0.138
988,Nsviewmanager,1,"[""nsviewmanager""]",0.222
989,Apple,1,"[""apple""]",0.061
990,Emsp,1,"[""emsp""]",0.045
991,Direct Hits,1,"[""direct hits""]",0.065
992,Squawk,1,"[""squawk""]",0.099
993,Super Long,1,"[""super long""]",0.104
994,Wm Keydown,1,"[""wm keydown""]",0.067
995,Responsibility,1,"[""responsibility""]",0.112
996,Deleted,1,"[""deleted""]",0.139
997,Xml Indentations,1,"[""xml indentations""]",0.139
998,Accordion,1,"[""accordion""]",0.051
999,Classid,1,"[""classid""]",0.056
1000,Block Element,1,"[""block element""]",0.05
1001,Edu,1,"[""edu""]",0.099
1002,Url Dispatching,1,"[""url dispatching""]",0.107
1003,Accumulate,1,"[""accumulate""]",0.158
