cluster_id,keyphrase,tf_score,bug_id,severity
0,nsFrameManager RemoveFrame,0.421,576078,S1
0,nsFormFrame RemoveFormControlFrame,0.318,18191,S1
0,nsPlaceholderFrame removal,0.259,576078,S1
1,mozwayland missing symbol stub,0.461,1978620,S2
1,MOZ_EXPORT weak symbol stub,0.389,1978620,S2
2,transitional bug unexploitable,0.398,1257907,S1
2,bug reassignment,0.091,18191,S1
3,Fenix Android icon,0.389,1823912,S4
3,Android 11 Fenix specific,0.378,1688783,S1
3,fenix mobile fix,0.258,11465,blocker
3,fenix mobile fix,0.258,11561,blocker
3,fenix mobile fix,0.244,16519,blocker
3,fenix mobile fix,0.244,17416,blocker
3,fenix mobile fix,0.244,18481,blocker
3,fenix mobile fix,0.244,21172,blocker
3,fenix mobile fix,0.244,28510,blocker
4,cannot duplicate issue,0.376,18481,blocker
4,verified duplicate bug,0.352,18481,blocker
4,verified duplicate bug,0.276,27852,blocker
4,duplicate intermittent,0.274,1889191,S4
5,TP7 pageset Talos integration,0.461,1831313,S2
5,tp5o optimized pageset,0.438,1831313,S2
5,tp5n pageset,0.414,1831313,S2
6,GC audio buffer gap,0.461,684028,S3
6,audio buffer offset incorrect,0.378,1204483,S1
7,intermediate signing cert expired,0.491,1548973,blocker
7,2-year cert not renewed,0.415,1548973,blocker
8,bookmarks backup filename dialog,0.398,566179,S1
8,Organise Bookmarks backup,0.258,566179,S1
9,print preview background image mismatch,0.418,1665064,S2
9,unreadable print preview result,0.281,1665064,S2
10,frame 100 webrender mention,0.341,1935443,S2
10,WebRender Everywhere timeline,0.287,1588484,S1
11,back out revision,0.384,1147714,blocker
11,revision moved obsolete,0.274,1961140,S3
12,file deletion race condition,0.374,1817643,S4
12,robust file deletion patch,0.291,1817643,S4
13,mConnection null deref,0.447,1685923,S3
13,null deref prevention,0.431,1568517,S3
14,MOZ_CRASHREPORTER_SHUTDOWN,0.418,1951660,S4
14,MOZ_CRASHREPORTER_SHUTDOWN,0.418,1943997,S4
14,MOZ_FORCE_CRASH_GUARD_NIGHTLY,0.218,1521370,S1
15,resolved bug shown as open,0.378,28510,blocker
15,11-year open bug,0.291,688193,S3
15,reopen bug,0.079,11825,S1
16,stream-as-file disk cache dependency,0.479,27763,blocker
16,disk cache dependency,0.397,16519,blocker
17,CTFontManagerSetAutoActivationSetting,0.431,688193,S3
17,CTFontManager enumeration,0.374,688193,S3
18,114 merge release fix,0.404,1830238,S3
18,two patches beta incomplete merge,0.324,1978620,S2
19,121.0b6 uplift approved,0.358,1867006,S2
19,121.0b9 uplift approved,0.324,1868180,S2
19,RC3 uplift approved,0.207,1827583,S2
19,beta 100 uplift approved,0.187,1761182,S1
20,out-of-memory Write crash,0.398,24008,S1
20,out-of-memory thrashing,0.206,24008,S1
21,identical stack trace duplicate,0.473,18481,blocker
21,stack trace,0.329,18191,S1
22,crash guard retry prevention,0.341,1521370,S1
22,concurrent live crash guards,0.191,1521370,S1
23,PDF.js,0.418,1025247,S3
23,Adobe PDF Library,0.404,1025247,S3
24,hidden sidebar briefly visible,0.447,1953966,S4
24,sidebar launcher brief show,0.431,1953966,S4
25,NP_ASFILE NP_ASFILEONLY legacy plugin,0.457,27763,blocker
25,AsFileOnly plugin support,0.419,16519,blocker
26,GetBrandName brandName,0.452,1544222,blocker
26,CreateAppFromCommand brandName,0.432,1544222,blocker
27,scroll after scrollend,0.461,1896515,S3
27,scrollend scroll ordering,0.431,1896515,S3
27,mouse wheel scrollend,0.374,1896515,S3
27,scroller child scroll position,0.358,1961140,S3
28,1891 differing pixels,0.447,1896069,S4
28,13726 differing pixels,0.404,1845274,S4
29,beta1 PDT+ regression,0.393,28683,blocker
29,PDT+ beta1 radar,0.321,27763,blocker
29,PDT+ beta1,0.183,27424,S1
30,Firefox Nightly,0.389,1025247,S3
30,Firefox Nightly 87 regression,0.276,1688783,S1
31,WINNT 5.2,0.324,971511,S3
31,Windows NT 5.0,0.247,364067,S1
32,timed out 50 tries,0.431,1981325,S4
32,timed-out,0.389,971511,S3
32,timeout,0.291,971511,S3
33,cookie project Mac,0.512,11561,blocker
33,cookie project added build,0.371,11561,blocker
34,android-em-7-0-x86_64-qr,0.374,1891279,S4
34,android-34 x86_64 AVD,0.324,1887337,S4
35,WinNT mozilla build crash,0.487,21172,blocker
35,mozilla build launches commercial fails,0.351,27852,blocker
36,core dump,0.361,18191,S1
36,stack dump,0.297,21894,S1
37,frame poisoned address,0.394,576078,S1
37,frame poisoning backport,0.198,576078,S1
38,NimbusExperiment schema import,0.431,1757778,S2
38,NimbusEnrollment schema update,0.401,1757778,S2
38,nimbus-shared package schema,0.384,1757778,S2
39,bookmark default title wrong,0.461,1824271,S4
39,checkBookmark title mismatch,0.404,1824271,S4
39,browser_bookmark_titles.js,0.374,1824271,S4
40,CSS grid layout broken,0.431,1779799,S3
40,Layout: Grid,0.374,1779799,S3
41,NS_ERROR_FILE_IS_LOCKED,0.461,1817643,S4
41,nsIFile.remove locked,0.447,1817643,S4
42,RefLayerMLGPU ContainerLayerMLGPU separation,0.447,1588484,S1
42,AsContainerLayerMLGPU common interface,0.317,1588484,S1
43,shadow database query lag,0.541,28510,blocker
43,read-only shadow database stale,0.425,28510,blocker
44,topcrash no longer,0.274,1935443,S2
44,topcrash beta shutdown,0.268,1761182,S1
45,copy to sent folder,0.324,27424,S1
45,sent folder checkbox,0.154,27424,S1
46,skip test fission,0.404,1769241,S4
46,run sequentially fission,0.389,1769241,S4
47,wgpu_core device_drop,0.447,1889191,S4
47,wgpu Global device drop,0.418,1889191,S4
48,Delete History button spacing,0.261,16519,blocker
48,delete history,0.118,12980,S1
49,ModuleObject assertion failure,0.401,1466487,S1
49,module hook assertion replaced,0.254,1466487,S1
50,ifdef guard wrong channel,0.413,1604462,blocker
50,channel ifdefs configure,0.399,1147714,blocker
51,resolved WORKSFORME,0.418,21172,blocker
51,WORKSFORME,0.224,21894,S1
51,WORKSFORME,0.143,12980,S1
52,Enhanced Runtime,0.447,1474451,S3
52,hardened runtime,0.374,1474451,S3
53,webgl.out-of-process false workaround,0.389,1787959,S2
53,WebGL out-of-process command dispatch,0.308,1787959,S2
54,131.0.3 dot release uplift,0.358,1922278,S1
54,66 dot release uplift,0.149,1521370,S1
55,autobisectjs bisect Windows,0.388,1560432,blocker
55,autobisectjs bisection result,0.334,1456517,S1
56,QA owner reassignment,0.289,16519,blocker
56,QA contact reassignment,0.253,27763,blocker
57,Finish0RTT null crash,0.461,1685923,S3
57,null near-null crash,0.389,1867696,S4
58,browser fails to launch,0.538,27852,blocker
58,no browser restart needed,0.382,1467514,blocker
59,menu bar crash,0.318,12980,S1
59,Linux toolbar crash,0.103,11825,S1
60,Chrome vs Firefox rendering,0.431,1863722,S4
60,Chrome vs Firefox icon,0.404,1823912,S4
61,100% CPU hang,0.441,364067,S1
61,100% CPU core freeze,0.404,1975734,S2
62,verified as fixed,0.358,1025247,S3
62,verified fixed Nightly 63,0.292,1471932,blocker
62,verified invalid,0.149,11825,S1
63,click bugzilla report crash,0.534,21172,blocker
63,immediate crash on click,0.511,21172,blocker
64,remoteTab null frameLoader,0.404,1951660,S4
64,remoteTab null frameLoader,0.404,1943997,S4
65,SVG PNG preference,0.418,1823912,S4
65,SVG as-image comparison,0.389,1845274,S4
66,embedder always set,0.389,1568517,S3
66,null embedder crash,0.341,1568517,S3
67,NPP_WriteReady buffer consumed,0.484,16519,blocker
67,NPP_Write offset len,0.341,16519,blocker
68,Phabricator account disabled,0.491,1596670,blocker
69,Advanced Layers Fission incompatibility,0.461,1588484,S1
69,layers.advanced.fission.enabled pref,0.404,1588484,S1
70,translate button,0.312,11825,S1
70,View Translate menu,0.155,11825,S1
71,WebCompat Reporter,0.461,1306114,S3
71,webcompat submission,0.404,1306114,S3
72,treatment branch not applied,0.418,1861664,S1
72,treatment-a branch force enroll,0.374,1972807,S2
73,399482ms application timeout,0.418,1962675,S4
73,763328ms application timeout,0.374,1890683,S4
74,Nimbus feature flag misconfiguration,0.461,1861664,S1
74,nimbus config flag direct usage,0.328,1861664,S1
75,ETP OFF workaround,0.418,1858669,S3
75,ETP not related,0.341,1863722,S4
76,Linux commercial build blocker,0.491,27852,blocker
76,commercial build Linux,0.449,18481,blocker
77,debug-only release unaffected,0.404,1787959,S2
77,debug build only,0.318,1221312,S1
77,shared debug build,0.271,24008,S1
78,File Edit Page loads correctly,0.344,28683,blocker
79,apprunner hang Mac,0.347,11465,blocker
79,apprunner crash,0.249,12980,S1
80,M9 milestone cookies,0.443,11561,blocker
80,M9 milestone,0.087,11825,S1
81,attachments.ispatch orphan param,0.473,1564396,blocker
82,AAudio disabled by default,0.444,1688783,S1
82,AAudio deferred re-enable,0.254,1688783,S1
83,Profile Manager Start Mozilla,0.468,27852,blocker
83,ProfileManager launch,0.228,27424,S1
84,Windows 7 only reproduce,0.349,1471932,blocker
85,MSan build fuzzing,0.379,1269776,S1
85,gczeal debug fuzzing build,0.271,1456517,S1
85,fuzzing debug build only,0.258,1787959,S2
86,unmaintained devtools components,0.358,985111,S3
86,devtools,0.308,985111,S3
87,VTCapture rendering,0.341,1961140,S3
88,counter per channel,0.431,1560195,S3
88,IPC channel counter,0.374,1560195,S3
89,nsStorageStream mWriteCursor,0.421,24008,S1
89,nsStorageStream Seek,0.194,24008,S1
90,status whiteboard PDT mismatch,0.518,28510,blocker
91,upstream Skia fix,0.374,1221312,S1
91,upstream patch fix,0.198,364067,S1
92,HTTP2 websocket proxy crash,0.461,1867006,S2
92,test_websocket_http2 backout failure,0.418,1867006,S2
93,min-content overflow,0.461,1779799,S3
93,min-width min-content,0.389,1779799,S3
94,numeric tag name invalid,0.461,1881124,S4
94,tag number selector invalid,0.404,1881124,S4
95,dot release RDL default,0.401,1467514,blocker
96,login blocked work blocker,0.389,1596670,blocker
97,attachment comment no wrap,0.541,52060,blocker
97,attachment section wraps,0.466,52060,blocker
98,windows11-64-2009-asan-qr,0.341,1824271,S4
98,windows11-64-2009-asan-qr,0.341,1847766,S4
98,linux1804-64-asan-qr,0.341,1840067,S4
99,feature key backwards compatibility,0.447,1757778,S2
99,feature features key coexistence,0.368,1757778,S2
100,single-feature multi-feature schema incompatibility,0.461,1757778,S2
100,feature enabled schema rejection,0.334,1757778,S2
101,page load hang,0.389,364067,S1
101,page load crash,0.356,21894,S1
102,RenderCompositorSWGL framebuffer,0.358,1943997,S4
102,RenderCompositorSWGL framebuffer error,0.308,1975734,S2
103,Normandy cert hotfix,0.454,1548973,blocker
104,recipe disabled low enrollment,0.325,1467514,blocker
105,COMPOSITOR_ENABLED assert violation,0.461,1782778,S2
105,MOZ_DIAGNOSTIC_ASSERT compositor state,0.308,1782778,S2
106,WindowGlobalParent embedder,0.461,1568517,S3
106,WindowGlobalParent subframe,0.374,1568517,S3
107,posix-nspr-emulation removed,0.41,1560432,blocker
108,libfuzzer startup crash,0.398,1490845,blocker
109,Linux only crash,0.498,18481,blocker
109,Linux no crash expected behavior,0.441,21172,blocker
109,unix crash fix,0.168,11825,S1
110,P1 bugs pending,0.431,1127088,S3
110,P1/P2 bugs,0.341,1127088,S3
111,JS_WITHOUT_NSPR rename,0.452,1560432,blocker
112,dogfood keyword AIM blocker,0.374,27852,blocker
113,Gecko 73 beta merge bustage,0.391,1604462,blocker
113,Gecko 39 merge,0.302,1147714,blocker
114,IPC pipe connection reset,0.326,1535800,S1
114,IPC named pipe failure,0.234,1489041,S1
115,HTML compose window close crash,0.418,17937,S2
115,compose window not closing,0.351,27424,S1
116,TEST-UNEXPECTED-FAIL,0.461,971511,S3
116,TEST-UNEXPECTED-FAIL uncaught exception,0.269,1147714,blocker
117,meta bug tracking,0.418,1244854,S3
117,meta bug blocker,0.258,1415837,S1
118,M11 M12 milestone deferral,0.324,17937,S2
118,M14 milestone,0.197,27424,S1
119,win64cfi xpcshell timeout,0.431,1817643,S4
119,xpcshell intermittent,0.274,1769241,S4
120,Aurora uplift permafail,0.415,1147714,blocker
120,uplift process Aurora,0.318,1147714,blocker
120,Aurora 53 uplift,0.188,1340127,S1
121,Wayland frame callback crash,0.389,1782778,S2
121,moz_container_wayland_frame_callback,0.358,1782778,S2
122,enable-fuzzing enable-PIE,0.359,1490845,blocker
123,Alt+Tab suppressed,0.447,1420770,S3
123,mouse held Alt+Tab,0.418,1420770,S3
124,ACCESS_VIOLATION_WRITE,0.447,1867696,S4
124,ACCESS_VIOLATION_READ,0.418,1685923,S3
124,EXCEPTION_ACCESS_VIOLATION_WRITE,0.298,1521370,S1
125,100% user impact system clocks,0.353,1548973,blocker
126,software conflict,0.276,12980,S1
126,uber software conflicts,0.154,12980,S1
127,Open Location error dialog,0.418,28683,blocker
128,commercial build,0.164,18191,S1
128,commercial build verified,0.138,27424,S1
129,fields missing after edit,0.372,1564396,blocker
130,Win7 debug mochi-2 failure,0.514,932781,blocker
131,beta-only failure,0.341,1830238,S3
131,mozilla-beta only failure,0.341,1947932,S4
132,inactive metabug,0.274,1244854,S3
132,inactive bug,0.274,985111,S3
133,LLVMFuzzer symbols hidden,0.491,1490845,blocker
134,Software WebRender Windows support,0.301,1588484,S1
134,Windows 7 WebRender blocker,0.271,1588484,S1
135,comm-esr60 uplift 2.57,0.369,1544222,blocker
135,ESR 60.2 uplift,0.33,1471932,blocker
136,linux1804-64-ccov-qr,0.341,1890683,S4
136,windows10-64-2004-ccov-qr,0.341,1769241,S4
137,ASan SEGV __sched_cpucount,0.436,1490845,blocker
138,widget voice search default engine,0.312,11465,blocker
139,server side text wrapping,0.491,52060,blocker
140,stream aborted before download complete,0.508,16519,blocker
141,duplicate bug merged,0.284,52060,blocker
141,duplicate bug resolution,0.276,27763,blocker
141,duplicate bug resolution,0.149,24008,S1
142,switch back to function,0.334,1147714,blocker
143,25% 50% 100% ramp,0.456,1467514,blocker
144,NIGHTLY_BUILD vs EARLY_BETA_OR_EARLIER,0.473,1604462,blocker
145,cross-platform verified worksforme,0.371,21172,blocker
145,VERIFIED WORKSFORME,0.152,18191,S1
146,SandboxBroker ENOMEM,0.447,1951660,S4
146,SandboxBroker ENOMEM,0.447,1943997,S4
147,img-widthAndHeight-slice-2 reftest,0.431,1845274,S4
148,recipe enrollment telemetry,0.419,1467514,blocker
149,checkbox hidden initialized true,0.514,28683,blocker
150,Desktop UI Refresh,0.461,1127088,S3
151,speculative connect smart cards,0.423,1471932,blocker
152,ancestor transform assertion,0.404,1961140,S3
153,D3D11 correctness issues,0.389,1588484,S1
154,IPC pressure metrics,0.461,1560195,S3
154,IPC pressure indicator,0.341,1560195,S3
155,SIGABRT SI_TKILL corrupted stack,0.461,1935443,S2
155,SIGABRT libpthread crash,0.447,1890683,S4
156,inbound tree closure,0.328,932781,blocker
157,test-info-testrun-matrix artifact,0.341,1938934,S2
158,CCacheStreamListener OnStopBinding,0.412,27763,blocker
159,feature disabled everyone,0.341,1868180,S2
159,feature disabled default,0.324,1685923,S3
160,severity not set,0.341,1779799,S3
160,severity not set,0.308,1849639,S3
161,Nightly Aurora,0.431,1306114,S3
161,JS classes Aurora Nightly,0.429,1147714,blocker
162,TrustLoaded3rdPartyRoots reentrant,0.441,1471932,blocker
163,Composer window URL load,0.465,28683,blocker
164,nsGConfService removed,0.491,1544222,blocker
165,old query invalid WONTFIX,0.393,1564396,blocker
166,temporary patch fix,0.358,16519,blocker
167,prefers-color-scheme query,0.458,1377977,blocker
168,non-BMO neutral theme,0.423,1377977,blocker
169,ESR backport request,0.374,1867006,S2
170,DOM manifest mochitests permafail,0.471,1147714,blocker
171,refactor JS classes,0.368,1147714,blocker
172,Telemetry.cpp aarch64 Windows bustage,0.434,1604462,blocker
173,ChangeCertTrustWithPossibleAuthentication,0.405,1471932,blocker
174,prinit.h XP_WIN include,0.491,1560432,blocker
175,WebRenderScrollData capture,0.418,1961140,S3
176,test_index_compaction failure,0.374,1337872,S3
177,Win32 build,0.271,21894,S1
177,Win32 build,0.191,11825,S1
177,Windows builds,0.141,11825,S1
178,nsChromeRegistry.cpp HP build failure,0.541,17416,blocker
179,graphite2 1.3.8 update,0.338,1257907,S1
180,proxy API java download workaround,0.389,27763,blocker
181,9-argument drawImage distorted,0.461,1849639,S3
182,basic compositor D3D11 percentage,0.254,1588484,S1
183,5-argument 3-argument ok,0.418,1849639,S3
184,test_bug458037 timeout,0.461,1890683,S4
184,4 test timeouts giving up,0.389,1890683,S4
184,180102ms test timeout,0.358,1830238,S3
184,300003ms test timeout,0.324,1817643,S4
184,9022ms test timeout,0.308,1840067,S4
185,crash reporter no report,0.311,1471932,blocker
186,RNP file API UTF-8 failure,0.461,1665493,S2
186,UTF-16 filename RNP rejection,0.374,1665493,S2
187,drag preview missing,0.461,1882433,S3
187,first drag no preview,0.447,1882433,S3
188,Top100 webcompat testing,0.418,1863722,S4
188,Top100 webcompat test,0.404,1858669,S3
189,Windows 7 64-bit crash,0.291,1415837,S1
189,32-bit Windows content crash,0.278,1489041,S1
190,dialog parenting bug,0.354,566179,S1
190,child dialog still active,0.318,566179,S1
191,blocker severity escalation,0.383,11465,blocker
192,finite clip assertion,0.374,1961140,S3
193,database inconsistency repair,0.401,28510,blocker
194,contain-intrinsic-size,0.418,1786225,S4
195,4.0 plugin stream handling,0.443,16519,blocker
196,navigate event abort,0.447,1974197,S3
196,ongoing navigate aborted,0.431,1974197,S3
197,Minefield 3.0a1,0.334,364067,S1
197,Minefield 3.7a5pre,0.214,566179,S1
198,nsSocketTransportService,0.358,1685923,S3
198,nsSocketTransport OnFound,0.349,24008,S1
199,duplicate f-param Advanced Search,0.491,1564396,blocker
200,mass-closing inactive bugs,0.334,985111,S3
200,inactive bug closure,0.147,566179,S1
201,compose window To field,0.384,26577,S2
202,dark mode night mode,0.474,1377977,blocker
202,dark mode color change,0.329,11561,blocker
203,additional property ignored,0.294,1757778,S2
204,post-1.3.7 regression,0.318,1257907,S1
205,OptimizeMIR Ion.cpp,0.341,1867696,S4
206,QA contact incorrect in list,0.354,28510,blocker
207,mozregression duplicate fixed,0.374,1849639,S3
208,ASAN browser-chrome OOM,0.421,932781,blocker
209,devtools test window leak,0.444,932781,blocker
210,overlays.rdf resource chrome,0.331,17416,blocker
211,location.href crash,0.461,1974197,S3
211,location.href navigate,0.374,1974197,S3
212,jit-test,0.404,971511,S3
213,WebRender SW-WR fallback,0.389,1951660,S4
213,WebRender SW-WR fallback,0.389,1943997,S4
214,R_X86_64_GLOB_DAT unresolved,0.417,1490845,blocker
215,pinned tabs race condition,0.368,1471932,blocker
216,rubber stamp,0.308,1127088,S3
217,force quit required,0.297,566179,S1
218,MResumePoint releaseUses,0.358,1867696,S4
219,Custom Search UI migration,0.434,1564396,blocker
220,new cert same key pushed,0.332,1548973,blocker
221,enable SingleSignon prompt,0.401,18481,blocker
222,pldhash overload regression,0.304,932781,blocker
223,VR180 360 video black blinking,0.431,1922278,S1
224,view transition ancestor clip,0.461,1961140,S3
225,Android Review Checker Smoke Test,0.389,1861664,S1
226,column span overlap,0.404,1779799,S3
227,WalletPreview wallet.cpp fix,0.401,11465,blocker
228,ical.js upstream fix,0.431,1975734,S2
229,BrowserAwesomeBar composable refactor,0.338,21172,blocker
230,fission.autostart reddit crash,0.374,1588484,S1
231,nsIStreamAsFile protocol hookup,0.434,27763,blocker
232,Photon style guide,0.386,1377977,blocker
233,content process crashed shutdown,0.431,1951660,S4
233,content process crashed shutdown,0.431,1943997,S4
234,Normandy recipe,0.474,1467514,blocker
235,edit-save-edit broken,0.454,1564396,blocker
236,captcha blocked ETP,0.461,1858669,S3
236,Standard ETP captcha,0.431,1858669,S3
237,extension left running,0.447,1895720,S4
237,extension left running,0.418,1769241,S4
238,linux1804-64-tsan-qr,0.374,1895720,S4
238,linux1804-32-qr opt,0.341,1951660,S4
239,data conversion failed,0.374,1845274,S4
240,MacOS launch crash,0.463,21172,blocker
241,return code -15 signal 15,0.374,1951660,S4
241,return code -15 signal 15,0.374,1943997,S4
242,nsCollationUnix Initialize mLocale,0.514,27852,blocker
243,android-hw-p5-13-0-aarch64,0.447,1947932,S4
243,android-hw-p5-13-0-aarch64,0.418,1896069,S4
244,Bugzilla 6 blocker,0.441,1377977,blocker
245,800 DOMWindow shutdown threshold,0.468,932781,blocker
246,nsCOMPtr nsIRDFDataSource,0.378,17416,blocker
247,PIE GOT null pointer,0.473,1490845,blocker
248,display-list.retain,0.363,1467514,blocker
249,aurora beta backport,0.257,932781,blocker
250,BFD lld gold diverge,0.339,1490845,blocker
251,regression 1852414,0.374,1881124,S4
252,regressor backout fix,0.389,1896069,S4
253,NSPR removed js shell Windows,0.472,1560432,blocker
254,ARM CPU MP3 crash,0.361,1204483,S1
254,MP3 streaming crash,0.318,1204483,S1
255,WinUtils WaitForMessage,0.401,1415837,S1
256,regexp metacharacter mysql evaluation,0.471,28510,blocker
257,debug-only assertion no user impact,0.358,1822717,S2
257,debug-only assertion backout,0.308,1961140,S3
258,JS classes reserved identifier,0.458,1147714,blocker
259,vm/Time.cpp unused header,0.431,1560432,blocker
260,long description overflow,0.516,52060,blocker
261,nsCAutoString overlayFile,0.424,17416,blocker
262,reassigned bug stale query,0.331,28510,blocker
263,sidebar flash new window,0.461,1953966,S4
263,private window sidebar flash,0.418,1953966,S4
264,30 failures high priority,0.358,1891279,S4
264,31 failures high priority,0.308,1769241,S4
265,Shockwave movie playback failure,0.461,16519,blocker
266,UntrustedModules.h missing beta build,0.454,1604462,blocker
267,not regular expression query,0.308,28510,blocker
268,OJI plug-in applet blocked,0.501,27763,blocker
269,test_drag_swappable_carets_input,0.461,1847766,S4
269,swappable carets drag,0.418,1847766,S4
270,all add-ons disabled,0.473,1548973,blocker
271,different implementation Gecko 39,0.252,1147714,blocker
272,apzEnabled bits nerfed,0.389,1961140,S3
273,EARLY_BETA_OR_EARLIER,0.341,1474451,S3
273,EARLY_BETA_OR_EARLIER rollout,0.203,1489041,S1
274,no product using yet,0.285,1147714,blocker
275,cycle collector CC graph OOM,0.538,932781,blocker
276,post-Sandstone theme,0.491,1377977,blocker
277,touchpad autoscroll repro,0.389,1896515,S3
278,openPopup incognito window,0.461,1895720,S4
279,subframe parent check,0.324,1568517,S3
280,video aspect ratio canvas,0.447,1849639,S3
281,max difference 3,0.431,1896069,S4
282,wallet info pre-fill,0.445,11465,blocker
283,cloned experiment Stage environment,0.404,1863981,S2
283,Prod Stage clone interaction,0.291,1863981,S2
284,gold linker bug,0.455,1490845,blocker
285,RRULE BYSETPOS infinite loop,0.461,1975734,S2
286,non-reproducible access violation,0.274,11136,S2
287,social FrameWorker hidden window,0.374,932781,blocker
288,cut paste partial fix,0.318,28683,blocker
289,OnFileAvailable never called,0.548,27763,blocker
290,test_Range windows leak,0.491,932781,blocker
291,xpinstall.signatures.required,0.374,1548973,blocker
292,windows11-64-2009-qr debug,0.341,1920391,S4
292,linux1804-64-qr debug,0.341,1845274,S4
292,linux1804-64-qr debug,0.324,1769241,S4
292,windows11-64-2009-qr debug,0.308,1817643,S4
293,verified fixed Win Linux,0.294,11465,blocker
294,GetUntrustedModuleLoadEvents namespace error,0.491,1604462,blocker
295,media.wmf.vp9.enabled workaround,0.447,1521370,S1
296,Nextcloud CalDAV auto-sync freeze,0.389,1975734,S2
297,buglist incorrect query results,0.494,28510,blocker
298,beta1 keyword PDT nomination,0.448,28510,blocker
299,testinfo skipfails logic divergence,0.418,1938934,S2
300,M14 Linux commercial build,0.318,26577,S2
301,Canvas2D video draw,0.404,1849639,S3
302,PresShell::RenderNode,0.418,1882433,S3
303,sXPCOMShutdownClient null dereference,0.461,1761182,S1
304,comm-central cleanup,0.324,1337872,S3
305,VALARM TRIGGER PT0S,0.358,1975734,S2
306,PW autofill discoverability,0.389,1244854,S3
307,NtWaitForMultipleObjects,0.318,1415837,S1
308,resource:// URI schema exposure,0.351,1757778,S2
309,flagtypes approval-comm-beta query,0.414,1564396,blocker
310,ESR branch update,0.289,1257907,S1
311,storage thread shutdown leak,0.281,932781,blocker
312,mDataSourceTable Get Put,0.469,17416,blocker
313,Enter key new addressee,0.351,26577,S2
314,off-thread module parse error,0.447,1822717,S2
315,animated image no issue,0.291,1882433,S3
316,nimbus-cli force enrollment,0.374,1861664,S1
317,ZwQueryAttributesFile detour hook,0.349,1489041,S1
318,session history null pointer,0.389,1535800,S1
319,long-press select all copy,0.308,1935443,S2
320,experimental messages correct order,0.271,28510,blocker
321,NoneType isatty,0.447,1811930,S3
322,GeckoView 85 backout,0.411,1688783,S1
323,COMPOSITOR_PAUSED_FLICKERING state,0.431,1782778,S2
323,flickering suppression compositor,0.341,1782778,S2
324,UAT confirmed,0.389,1127088,S3
325,intermittent one-day regression,0.394,21172,blocker
326,NullWriter to None,0.418,1811930,S3
327,username password login,0.424,18481,blocker
328,treatment control experience verified,0.294,1861664,S1
329,merged Jedi Master,0.329,1377977,blocker
330,nsPluginStreamType_AsFileOnly blocked,0.524,27763,blocker
331,ensureDelazifyScriptsForDebugger,0.418,1456517,S1
332,nsIFile move rename Mac corruption,0.367,27763,blocker
333,mail.smtpserver hostname pref,0.261,27424,S1
334,PyInstaller regression,0.431,1811930,S3
335,browser_ext_messages_open_attachment,0.447,1981325,S4
336,readPixels y parameter reproduction,0.358,1787959,S2
337,operator & expects lvalue operand,0.518,17416,blocker
338,for-of generators,0.418,971511,S3
339,LICM MObjectStaticProto hoisting,0.404,1713579,S2
340,video pulsing rubber banding,0.374,1922278,S1
341,possible crash user impact,0.317,1867006,S2
342,loop with restarts FAIL,0.404,1786225,S4
343,ComputeIntermediateSurfaceBounds crash,0.358,1588484,S1
344,orphan child processes zombiecheck,0.312,1535800,S1
345,m-i closed backout,0.351,1147714,blocker
346,carpool build regression,0.394,11136,S2
347,console output stops at charset,0.445,27852,blocker
348,pref default-off,0.438,1467514,blocker
349,macosx debug intermittent,0.238,1761182,S1
350,editor checkbox false fix,0.369,28683,blocker
351,nsThreadManager shutdown ContentParent,0.328,1761182,S1
352,APZ ScrollFrame disabled,0.431,1961140,S3
353,NetworkError services-settings,0.291,1769241,S4
354,nimbus.fml.yaml developer channel only,0.431,1861664,S1
355,msgHdr scope fix,0.358,1337872,S3
356,amazon sample page form,0.364,11465,blocker
357,no crashes 12 weeks,0.187,1415837,S1
358,delayedKillTest hang,0.404,1895720,S4
359,MGuardShape foldsTo GVN hack,0.461,1713579,S2
360,expected colors deepEqual,0.447,1769241,S4
361,exit-status -1,0.374,971511,S3
362,1080p 4K monitor,0.374,1882433,S3
363,Category 2 interaction,0.418,1557050,S3
364,Quick Heal no response,0.247,1489041,S1
365,textencoder-utf16-surrogates shadowrealm,0.461,1943997,S4
366,Review Checker CFR missing,0.447,1861664,S1
367,platforminfo.py chunking integration,0.404,1938934,S2
368,ZoneCellIter evictNursery failure,0.447,1456517,S1
369,build list integration,0.418,11561,blocker
370,recurrence prevention root cause,0.311,1548973,blocker
371,skins/standard CSS,0.405,1377977,blocker
372,corporate MITM root cert,0.387,1471932,blocker
373,virtual machine bluescreen,0.219,1489041,S1
374,studies pref workaround,0.395,1548973,blocker
375,leak analysis disabled,0.398,932781,blocker
376,duplicate 1530097,0.308,1779799,S3
377,Pontoon dark reference,0.348,1377977,blocker
378,account re-enabled,0.458,1596670,blocker
379,triangle.js comment crash trigger,0.341,1822717,S2
380,UI smoke test flakiness,0.297,17416,blocker
381,inactive heading menu icon,0.347,11561,blocker
382,CalDAV ics import freeze,0.324,1975734,S2
383,pointer corruption linked list,0.404,1867696,S4
384,VPX crashguard content process,0.421,1521370,S1
385,supported retailer sites,0.311,1861664,S1
386,numSamples numFrames calculation,0.231,1204483,S1
387,cookies.txt file verified,0.461,11561,blocker
388,workaround side effect,0.374,16519,blocker
389,funnel entrypoint parameter,0.374,1557050,S3
390,FILE_SHARE_DELETE missing,0.389,1817643,S4
391,EXCEPTION_BREAKPOINT content process,0.347,1415837,S1
392,CompositorVsyncScheduler composite crash,0.221,1588484,S1
393,two addressee limit,0.438,26577,S2
394,ExtensionTestUtils loadExtension,0.389,1895720,S4
395,KernCollider mergeSlot,0.461,1257907,S1
396,Create Profile button failure,0.398,27852,blocker
397,ExternalFunctions LLVMFuzzerInitialize,0.379,1490845,blocker
398,uplift debug fix,0.291,1822717,S2
399,nsGNOMEShellService GIO port,0.472,1544222,blocker
400,scaled-down image drag,0.358,1882433,S3
401,commit access Level 3,0.424,1596670,blocker
402,linux2204-64-wayland,0.358,1895720,S4
403,address picker blocked,0.411,26577,S2
404,nsXREDirProvider DoStartup crash,0.341,1928888,S2
405,built lib dependency,0.394,11561,blocker
406,UBSAN_OPTIONS fast_unwind_on_fatal,0.291,1787959,S2
407,M12 verified all platforms,0.241,17937,S2
408,128 esr crash persists,0.308,1928888,S2
409,heap buffer overflow read,0.444,1257907,S1
410,intrinsic_ExecuteModule,0.271,1466487,S1
411,tab crash quarter share,0.154,1489041,S1
412,add to home screen icon,0.461,1823912,S4
413,matches Comps,0.404,1127088,S3
414,null check assert added,0.221,1761182,S1
415,ICE all candidates initialized,0.374,1840067,S4
416,releases_v120 backport,0.278,1861664,S1
417,sec-audit marking,0.354,1257907,S1
418,pre-98602 attachment fix,0.416,52060,blocker
419,Marketplace closed,0.358,1127088,S3
420,RDM Firefox Android UA,0.298,1688783,S1
421,Super+Tab blocked,0.291,1420770,S3
422,serious blocker,0.238,12980,S1
423,drawSnapshot failed,0.461,1845274,S4
424,RemoveShutdownBlockers null static pointer,0.431,1761182,S1
424,AddShutdownBlockers static cleared,0.341,1761182,S1
425,LD opcode loop unrolling,0.314,684028,S3
426,bidi control override frame,0.328,1340127,S1
427,PIdleScheduler IPC discarded,0.297,1761182,S1
428,GC disablement removed,0.384,1456517,S1
429,browserAction openPopup timeout,0.431,1895720,S4
430,10078ms exceeds 10000ms,0.389,1786225,S4
431,safe mode freeze persists,0.291,1975734,S2
432,div vs button drag,0.341,1882433,S3
433,multiple href setting,0.404,1974197,S3
434,2000 crashes 1200 installs,0.358,1935443,S2
435,verifyme keyword,0.248,21894,S1
436,sqrtf half dot,0.294,1221312,S1
437,pink element autoscroll,0.358,1896515,S3
438,textLength-3 SVG reftest,0.461,1896069,S4
439,all recipes marked invalid,0.418,1757778,S2
440,NPP_DestroyStream invoked too often,0.531,16519,blocker
441,staging QA signoff,0.344,1467514,blocker
442,FREQ=MONTHLY BYDAY BYSETPOS combination,0.418,1975734,S2
443,nsBidiPresUtils TraverseFrames,0.404,1340127,S1
444,NECKO_HTTP access violation,0.441,11136,S2
445,DOMWindow leak OOM,0.561,932781,blocker
446,gloda index_msg.js,0.447,1337872,S3
447,selected profile indicator missing,0.404,1936672,S2
448,autofill sidebar crash,0.371,11136,S2
449,migrated account,0.298,27424,S1
450,keepIterHeader redundant,0.389,1337872,S3
451,intermittent failure,0.358,971511,S3
452,RTL bidi resolution trigger,0.298,1340127,S1
453,shutdown hang backout,0.358,1761182,S1
454,unresponsive script warning,0.379,566179,S1
455,TI large function recompile,0.389,684028,S3
456,WMF content process removal,0.258,1521370,S1
457,ESR 128 regression Firefox 131,0.328,1922278,S1
458,JSBugMon manual tracking,0.289,1456517,S1
459,innocuous assertion,0.261,1221312,S1
460,17% frame drop rate,0.344,1688783,S1
461,Quick Heal browser sandbox,0.447,1489041,S1
462,cairo-gtk3-x11-wayland toolkit regression,0.358,1978620,S2
463,nursery-allocatable AllocKind,0.401,1456517,S1
464,embedder set timing,0.418,1568517,S3
465,hardcoded OS version values,0.461,1938934,S2
466,browser_dbg timeout 370s,0.447,1962675,S4
467,jaws.jar JRE workaround,0.298,27763,blocker
468,nsNSSComponent mMutex deadlock,0.475,1471932,blocker
469,Single SignOn browser crash,0.524,18481,blocker
470,ISO-8859-1 mCharset initialization,0.421,27852,blocker
471,ICE gather false result,0.447,1840067,S4
472,ChildProcessChannelListener OnChannelReady,0.418,1535800,S1
473,keyboard text highlight pdf.js,0.461,1877426,S2
473,pdf.js Editor highlight,0.408,1877426,S2
474,overflow: auto grid,0.418,1779799,S3
475,milestone target update,0.306,16519,blocker
476,browser-only load workaround,0.441,28683,blocker
477,third addressee line missing,0.461,26577,S2
478,py3 taskcluster timeout backout,0.374,1938934,S2
479,Thunderbird topcrash rank,0.358,1928888,S2
480,addTagCallback general.js,0.431,1881124,S4
481,Intel Atom unaffected,0.217,1204483,S1
482,RtlAnsiStringToUnicodeString crash,0.418,1415837,S1
483,clear icons,0.104,12980,S1
484,enterprise_roots hang startup,0.491,1471932,blocker
485,image decode first drag,0.404,1882433,S3
486,UAT tracking,0.447,1127088,S3
487,MediaController re-created not reattached,0.447,1827583,S2
488,trees closed XPCShell signing,0.435,1548973,blocker
489,shutdown order regression,0.254,1761182,S1
490,XPCOMShutdownFinal static cleared,0.418,1761182,S1
491,crash absent in 140,0.291,1928888,S2
492,body comment one paragraph,0.391,52060,blocker
493,ACodec deleted crash,0.289,1204483,S1
494,uncached data task timeout,0.389,1938934,S2
495,awesomebar UI test suggestions,0.314,21172,blocker
496,P1 P2 stream candidates,0.404,1840067,S4
497,ContentParent shutdown blocker lifecycle,0.447,1761182,S1
498,NS_ERROR_ABORT,0.358,1769241,S4
499,cache cleared repro,0.389,1882433,S3
500,VRAM tile invalidation,0.418,684028,S3
501,ZDI December release,0.167,576078,S1
502,ManifestProcessor SyntaxError,0.443,1147714,blocker
503,Unicode password oversized,0.461,1863722,S4
504,register verify captcha,0.374,1858669,S3
505,AudioTrack crashing thread field,0.418,1935443,S2
506,first-line CSS animation interaction,0.374,1340127,S1
507,form field not filled,0.471,11465,blocker
508,libxp dependencies cookies,0.487,11561,blocker
509,ModuleErrored compiling state assertion,0.461,1822717,S2
510,toolbar,0.261,11825,S1
510,tools bar,0.198,11825,S1
511,MsgWaitForMultipleObjectsEx hang,0.431,1415837,S1
512,"rgb(255,0,0) vs rgb(0,0,255)",0.431,1769241,S4
513,assert carried over,0.358,1568517,S3
514,dialog dismisses without filling,0.276,11465,blocker
515,redundant D3D texture copy,0.461,1922278,S1
516,nsCSSFrameConstructor ContentRemoved,0.409,576078,S1
516,nsCSSFrameConstructor,0.291,18191,S1
517,not regression 2020,0.308,1882433,S3
518,unsubscribe calendar workaround,0.341,1975734,S2
519,calendar load 3-4 seconds hang,0.374,1975734,S2
520,intermediate surface iframe nesting,0.418,1588484,S1
521,gr2fonttest TTF testcase,0.379,1257907,S1
522,failedplatform test fix,0.324,1938934,S2
523,HTTP2 proxy WS broken,0.447,1867006,S2
524,CSS Animations regression Firefox 5,0.203,1340127,S1
525,118.0.2 not affected,0.341,1858669,S3
526,scdetour.dll static dependency injection,0.461,1489041,S1
527,release week hold,0.367,1377977,blocker
528,scroll period dot logged,0.341,1896515,S3
529,openPopup resolved undefined,0.341,1895720,S4
530,DestroyStream StreamAsFile mismatch,0.344,27763,blocker
531,pythonw console detached,0.374,1811930,S3
532,disable Advanced Layers dogfooding,0.344,1588484,S1
533,Open Web Location Composer failure,0.538,28683,blocker
534,Safe Form Fill,0.498,11465,blocker
535,Stylo WebRender nightly,0.361,1415837,S1
536,packing state reset before readPixels,0.431,1787959,S2
537,null mSessionHistory crash,0.461,1535800,S1
538,ESR78 update re-enable,0.254,1665493,S2
539,Palm desktop software,0.341,12980,S1
539,Palm Desktop 2.5,0.191,12980,S1
540,subframe embedder assert,0.447,1568517,S3
540,subframe creation assert,0.404,1568517,S3
541,SeaMonkey suite port,0.39,1544222,blocker
542,multiple animation frames,0.447,985111,S3
543,aCC compiler ANSI compliance,0.447,17416,blocker
544,testcrasher.dll CFI frames,0.358,1817643,S4
545,AAudio backend framerate drop,0.461,1688783,S1
546,Pernosco rr trace bare stack,0.324,1787959,S2
547,windows11-64-24h2 asan,0.389,1962675,S4
548,ResumeCompositorImpl unified resume,0.374,1782778,S2
548,compositor resume unification,0.291,1782778,S2
549,JS exception window permission,0.489,28683,blocker
550,rdf chrome source directory,0.354,17416,blocker
551,Bugbug regression detection,0.214,1415837,S1
552,async module tab crash,0.404,1822717,S2
553,upstream nestegg fix,0.238,1269776,S1
554,chaos_mode_flags=0xfb,0.447,1786225,S4
555,WebGL video playback Windows only,0.294,1922278,S1
556,stats for nerds dropped frames,0.394,1688783,S1
557,Ndr64pClientInit signature,0.394,1521370,S1
558,TinderboxPrint FAILURE,0.341,1786225,S4
559,version 75 expiry,0.291,1557050,S3
560,IPCError-browser ShutDownKill,0.449,1415837,S1
561,object Phi input hoisted,0.374,1713579,S2
562,ContentParent ActorDestroy crash,0.404,1761182,S1
563,critical severity,0.224,12980,S1
564,login register page affected,0.374,1863722,S4
565,lock_life queue check,0.431,1889191,S4
566,Firefox 117 fixed,0.341,1849639,S3
567,recording one frame,0.431,985111,S3
568,Netscape 6 RTM blocker,0.324,16519,blocker
569,richlistitem querySelector error,0.447,1881124,S4
570,disabled XINPUT2,0.461,1420770,S3
571,invisible pixel difference,0.404,1896069,S4
572,MOZ_USE_XINPUT2=1,0.431,1420770,S3
573,Fission integration,0.358,1560195,S3
574,near-null release crash GC,0.341,1713579,S2
575,GeckoViewMediaControl process switching,0.461,1827583,S2
576,NS_ERROR_LOSS_OF_SIGNIFICANT_DATA,0.447,1845274,S4
577,module request state relaxed,0.431,1822717,S2
578,cancellation checks state assertions regression,0.418,1822717,S2
579,LCU reinstall fix,0.312,1521370,S1
580,matches PRD,0.418,1127088,S3
581,mozregression 5.3.0,0.389,1811930,S3
582,nsBaseWidget build bustage,0.238,1588484,S1
583,wgpu_core::global::Global,0.389,1889191,S4
584,FindVisibleBounds recursive crash,0.431,1588484,S1
585,inactive closing,0.258,971511,S3
586,nsIStringBundle redundant,0.411,1544222,blocker
587,WebAssembly Debugger interaction,0.318,1456517,S1
588,geolocation singleton null crash,0.312,1761182,S1
589,DOMCacheThread QM_TRY failure,0.204,1761182,S1
590,YouTube frame drop Android,0.428,1688783,S1
591,minidump stackwalk saved,0.254,1535800,S1
592,non-ASCII Windows path encoding,0.447,1665493,S2
593,ride the trains no backport,0.274,1713579,S2
594,declarationInstantiation evaluation,0.361,1466487,S1
595,doorhanger proxy removed,0.358,1557050,S3
596,nsAppShell ProcessNextNativeEvent,0.334,1415837,S1
597,commented-out code triggers crash,0.389,1822717,S2
598,Fission without WebRender,0.331,1588484,S1
599,cross-platform fix verified,0.311,1922278,S1
600,STUN address type mismatch,0.431,1840067,S4
601,shopping experience experiment enrollment,0.404,1861664,S1
602,1fr column span,0.447,1779799,S3
603,invalid recurrence rule freeze,0.447,1975734,S2
604,sys.stdout None,0.461,1811930,S3
605,MOZ_SAMPLE_TYPE_S16,0.347,1204483,S1
606,Enigmail migration broken,0.358,1665493,S2
607,normalB setLength,0.443,1221312,S1
608,XPCOMGlueLoad undefined symbol startup,0.404,1978620,S2
609,fixed 5.3.1,0.341,1811930,S3
610,ObRegisterCallbacks kernel injection,0.431,1489041,S1
611,TikTok Like button,0.447,1801250,S3
612,HLockHi call,0.261,12980,S1
613,font-face src:local trigger,0.418,688193,S3
614,macosx1015 shippable,0.431,1830238,S3
615,platform handling code maintainability,0.308,1938934,S2
616,macOS 14.70 wrong version string,0.431,1938934,S2
617,uBlock Origin false report,0.324,1882433,S3
618,corrupt incomplete installation popup,0.324,1928888,S2
619,ListViewHolder,0.119,21894,S1
620,Media Feature Pack broken,0.408,1521370,S1
621,PauseCompositorFlickering rename,0.404,1782778,S2
622,alloca stack overflow crash,0.404,1489041,S1
623,unicodeBidi embed animate,0.341,1340127,S1
624,bisection regressing patch,0.278,1922278,S1
625,broken icon output,0.374,1823912,S4
626,adb logcat crash log,0.244,1204483,S1
627,high-value tests rolling basis,0.391,1831313,S2
628,three landing backout attempts,0.264,1883693,S2
629,Gecko reusable metric definition,0.374,1771799,S2
630,NS_ERROR_UNKNOWN_PROTOCOL channel open,0.418,1883693,S2
631,design feedback,0.118,11825,S1
632,20MB GC memory drop,0.257,684028,S3
633,message exclusion targeting broken,0.291,1972807,S2
634,data steward review,0.447,1557050,S3
635,IMG3250.DLL,0.379,21894,S1
636,conditional sampler ifdef,0.404,1887337,S4
637,HCM color focus hover states,0.461,1936672,S2
638,fullscreen landscape orientation broken,0.374,1827583,S2
639,test_registerContentScripts_css,0.461,1769241,S4
640,metrics yaml split Firefox 107,0.258,1771799,S2
641,M-I M-C merge,0.308,1337872,S3
642,tier-1 platform build,0.401,17416,blocker
643,WMF PDM thread initialization,0.328,1521370,S1
644,Lockwise open button,0.389,1557050,S3
645,onboarding tracker blocker,0.404,1244854,S3
646,test harness root cause,0.412,1269776,S1
647,minimized test case,0.361,364067,S1
648,evalInWorker ES6 module,0.418,1466487,S1
649,top-site background-image icons,0.368,1665064,S2
650,0.5% release bugs S2,0.341,1936672,S2
651,DocumentViewerImpl PresShell destruction,0.308,17937,S2
652,Win98 Linux RH6 tested,0.329,11465,blocker
653,Microsoft Detours 2.0 bug,0.334,1489041,S1
654,Gnome 3 MATE,0.358,1420770,S3
655,shopping.experience2023.ads.enabled,0.358,1868180,S2
656,nsStringKey address operator rejection,0.493,17416,blocker
657,Cancel Save buttons unresponsive,0.336,566179,S1
658,QM_TRY OkIf gBasePath,0.374,1920391,S4
659,German special letter path misspelled,0.418,1665493,S2
660,Http2Session Finish0RTT,0.404,1685923,S3
661,ASCII account name workaround,0.308,1665493,S2
662,RecvCrossProcessRedirect content child,0.404,1535800,S1
663,Ubuntu 17.10 gnome-desktop,0.324,1420770,S3
664,Chrome comparison framerate,0.321,1688783,S1
665,ConfigureCompositor destroyed window,0.447,1782778,S2
666,event name truncated,0.324,1557050,S3
667,Arbitrary Code Guard,0.291,1474451,S3
668,drop shadow,0.431,1025247,S3
669,structured ingestion missing columns,0.341,1771799,S2
670,browser_temporary_permissions_tabs,0.341,1535800,S1
671,HCM experience matches spec,0.378,1936672,S2
672,socorro aggregations crashing thread name,0.404,1935443,S2
673,sourcemapped breakpoint console,0.461,1962675,S4
674,PiP background playback broken,0.358,1827583,S2
675,invalid page fault,0.401,21894,S1
676,shape mutation property added,0.291,1713579,S2
677,GeckoViewMediaControl ESM module conversion,0.308,1827583,S2
678,goldfish-opengl samplerExternalOES,0.447,1887337,S4
679,browser_script_command_execute_throw,0.461,1920391,S4
680,future experiment pref prerequisite,0.308,1868180,S2
681,UBSan SEGV READ memory,0.341,1787959,S2
682,98% startup crash rate,0.418,1928888,S2
683,AddLazyFunctionsForCompartment crash,0.368,1456517,S1
684,Enrollment Paused blocked,0.418,1863981,S2
685,mozapps extensions metrics path,0.291,1771799,S2
686,nsDNSLookup CallOnFound,0.334,24008,S1
687,security flag removed,0.297,1269776,S1
688,duplicate regressor,0.308,1786225,S4
689,bogus size guard,0.141,1204483,S1
690,needinfo uireview,0.291,1244854,S3
691,Wayland X11 difference,0.404,1420770,S3
692,max difference 255,0.418,1845274,S4
693,See Also limitation,0.358,1306114,S3
694,fog-update-bot probe-scraper PR,0.324,1771799,S2
695,user.js profile enrollment,0.324,1863981,S2
696,autoland mozilla-inbound failures,0.238,1535800,S1
697,pref flip disable websockets,0.431,1867006,S2
698,Mac regression verified,0.294,28683,blocker
699,pretty animation,0.095,11825,S1
700,Samsung Galaxy S9 Android 8,0.324,1935443,S2
701,PDT priority flag,0.097,24008,S1
702,TestHelper verifyUrl visible,0.318,18481,blocker
703,cluster bug,0.308,1244854,S3
704,natural enrollment required,0.374,1863981,S2
705,Events.yaml schema,0.431,1557050,S3
706,targeting criteria verification,0.274,1863981,S2
707,generated-extension.xpi leftover,0.374,1769241,S4
708,print backgrounds option,0.384,1665064,S2
709,initTestCrasherSymbols not function,0.418,1817643,S4
710,nsGenericHTMLContainerElement double free,0.404,17937,S2
711,FrecencyRecalculator Places init,0.447,1920391,S4
712,mozStorageRow.cpp mNameHashtable,0.418,1824271,S4
713,Google common library affected sites,0.274,1827583,S2
714,async shutdown service NS_ERROR_FILE_NOT_FOUND,0.461,1928888,S2
715,platform health check dashboard,0.274,1771799,S2
716,mobile desktop mode,0.389,1858669,S3
717,top crash beta 41,0.258,1204483,S1
718,css-sizing WPT,0.358,1786225,S4
719,x-coord sprite cache,0.374,684028,S3
720,WebRender shippable perma,0.308,1830238,S3
721,shell-only issue,0.378,1466487,S1
722,probe_scraper repositories.yaml dependency,0.404,1771799,S2
723,216 remaining skipped,0.308,1890683,S4
724,Ctrl+Shift+P new window,0.389,1953966,S4
725,uninstalled font name activation,0.324,688193,S3
726,private browsing session clear reproduce,0.324,1827583,S2
727,ion-offthread-compile disabled,0.287,1466487,S1
728,Caret Browsing keyboard navigation,0.447,1877426,S2
729,Mac only,0.198,12980,S1
730,extend recording,0.374,985111,S3
731,Twitch position parity,0.389,1801250,S3
732,STATIC_DEPENDENCY_ONLY DLL block,0.364,1489041,S1
733,ClearBidiControls SEGV,0.461,1340127,S1
734,BaseThreadInitThunk neutering,0.188,1489041,S1
735,queue_empty assertion,0.461,1889191,S4
736,HTML content sink,0.203,18191,S1
737,vsync disabled timeout,0.461,1981325,S4
738,float rendering bug,0.281,364067,S1
739,secret key passphrase loop,0.291,1665493,S2
740,null-jump non-security,0.344,1466487,S1
741,ice_unittest.cpp:1605,0.418,1840067,S4
742,CI regression scenario testing,0.389,1867006,S2
743,telemetry opt-out,0.341,1557050,S3
744,layout regression fix,0.149,576078,S1
745,OK button not visible,0.418,11465,blocker
746,NS_ERROR_OMNIJAR_CORRUPT missing,0.404,1928888,S2
747,allow-unsigned-executable-memory,0.461,1474451,S3
748,callout message not triggered,0.431,1863981,S2
749,destroyed docshell resume loading,0.431,1535800,S1
750,long attachment description,0.441,52060,blocker
751,metrics_index.py wrong list,0.461,1771799,S2
752,ink overflow coordinates,0.324,1961140,S3
753,no-ti no-fpu,0.431,971511,S3
754,fixIterator replacement,0.404,1337872,S3
755,auto-006.html timeout,0.461,1786225,S4
756,VP9 version mismatch torn state,0.381,1521370,S1
757,contile top sites cache,0.112,24008,S1
758,InitClients shutdown phase,0.389,1761182,S1
759,NVIDIA GPU shared handle,0.341,1922278,S1
760,profile selector HCM behavior,0.447,1936672,S2
761,1.8 branch regression,0.308,364067,S1
762,memory and cpu,0.389,985111,S3
763,private mode same,0.358,1858669,S3
764,CVSS score 10,0.347,576078,S1
765,Object.keys replacement,0.431,1337872,S3
766,AudioDataValue pointer cast,0.203,1204483,S1
767,head_crashreporter cleanup,0.341,1817643,S4
768,GetBidiControl continuation value,0.358,1340127,S1
769,perma timeout beta,0.447,1830238,S3
770,Pixel5 AArch64 tier 2,0.374,1896069,S4
771,PaintStyleImageLayerWithSC codepath,0.447,1665064,S2
772,linux2404-x86_64 opt,0.358,1962675,S4
773,unicode-bidi continuation mismatch,0.431,1340127,S1
774,bookmarks.visibility pref targeting,0.447,1863981,S2
775,ESR60 patch rebase,0.177,1521370,S1
776,duration initialized to zero,0.358,1269776,S1
777,audio clipping minimized playback,0.224,1827583,S2
778,in-flight recipe rejection,0.318,1757778,S2
779,fenix gecko-dev dependency,0.308,1771799,S2
780,OpenPGP key import failure,0.404,1665493,S2
781,NS_ERROR_COULD_NOT_LOGIN_TO_SMTP_SERVER,0.381,27424,S1
782,WONTFIX debate,0.324,1244854,S3
783,startup_cache_load_time missing schema,0.431,1771799,S2
784,mem.log GC timing,0.358,684028,S3
785,devtools newChannel exception expectation,0.294,1883693,S2
786,picture_in_picture_overrides,0.404,1801250,S3
787,FOX_DOODLE_MULTI_ACTION spotlight overlap,0.358,1972807,S2
788,RDD GPU process fallback,0.244,1521370,S1
789,patent encumbered codec licensing,0.271,1521370,S1
790,window manager DE bug,0.308,1420770,S3
791,mFormElements cleanup,0.344,18191,S1
792,HW decoding auto-disabled,0.354,1521370,S1
793,13 open unresolved,0.341,1244854,S3
794,WebExtensions toolkit-level metric,0.358,1771799,S2
795,DEF GHI vs ABC,0.447,1847766,S4
796,drag drop window switch,0.389,1420770,S3
797,AndroidDecoderModule audio fix,0.404,1204483,S1
798,newTagDialog onOKNewTag,0.418,1881124,S4
799,Canvas Debugger,0.461,985111,S3
800,slow test chaos mode,0.374,1786225,S4
801,ServiceWorkerRegistrar ProfileStarted startup,0.431,1928888,S2
802,TaskCluster ASAN build,0.172,1340127,S1
803,cross-platform send bug,0.169,27424,S1
804,TestRunner._checkForHangs,0.418,1895720,S4
805,brotli red herring,0.172,1489041,S1
806,WebRender Android emulator,0.418,1887337,S4
807,AArch64 ARM startup topcrash,0.389,1935443,S2
808,sampler2D type replacement,0.389,1887337,S4
809,nestegg_duration unchecked return,0.431,1269776,S1
810,open in Firefox,0.241,1025247,S3
811,JSWindowActorChild CanSend failure,0.283,1761182,S1
812,const redeclaration SyntaxError,0.374,1822717,S2
813,DocShellAndDOMWindowLeak,0.374,1830238,S3
814,DOGFOOD compose window,0.291,17937,S2
815,gray border rendering,0.447,1025247,S3
816,default browser prompt coexistence,0.418,1972807,S2
817,accelerate EOL 3.5,0.183,576078,S1
818,void pointer arithmetic,0.334,1204483,S1
819,MediaSessionDelegate not activated,0.418,1827583,S2
820,uplift to Firefox 42,0.274,1204483,S1
821,use-after-free parent frame,0.451,576078,S1
822,ESR52 animate unsupported,0.236,1340127,S1
823,clamping logic assertion,0.418,1891279,S4
824,sg:critical cleared,0.301,576078,S1
825,ASAN window size dependent,0.251,1340127,S1
826,extra layout repeat assertions,0.389,1891279,S4
827,taskgraph changes,0.109,18191,S1
828,MemCacheWriteStreamWrapper,0.219,24008,S1
829,metadata hook not set,0.431,1466487,S1
830,hardware decoded video frame rendering,0.404,1922278,S1
831,WindowProxy lazy proto codegen,0.418,1713579,S2
832,configure switch,0.228,18191,S1
833,slave b-2008-ix-0015,0.308,971511,S3
834,CRASH_X64CFI_NO_MANS_LAND loop,0.274,1817643,S4
835,ID3D11Texture2D compositor device mismatch,0.389,1922278,S1
836,threshold timing severely decreased,0.308,1883693,S2
837,EnsureNPNComplete socket,0.389,1685923,S3
838,preferenceIsUserSet targeting expression,0.461,1863981,S2
839,RedHat Linux Intel,0.253,18191,S1
840,incorrect webrender stacktrace,0.431,1935443,S2
841,sec-moderate fingerprinting vector,0.224,1883693,S2
842,nestegg_track_seek uninitialized,0.398,1269776,S1
843,CNavDTD CloseForm,0.191,18191,S1
844,Nightly 121.0a1 regression,0.389,1863722,S4
845,NSFontManager font list build,0.404,688193,S3
846,mail start page,0.181,24008,S1
847,garbage input file,0.254,1269776,S1
848,firefox-android PR backport,0.261,1861664,S1
849,colourful tree backout,0.291,1337872,S3
850,IndexedDB key_invalid crash,0.461,1951660,S4
851,fullscreen request denied,0.418,1830238,S3
852,Sqlite connection not specified,0.404,1920391,S4
853,UX module owner,0.374,1244854,S3
854,QuotaManager before profile-do-change,0.431,1920391,S4
855,ne_find_cue_point_for_tstamp,0.468,1269776,S1
856,Mediatek MT6589 crash,0.391,1204483,S1
857,GL packing state stack overwrite,0.461,1787959,S2
858,mRestartCount 4,0.431,1685923,S3
859,import.meta worker crash,0.444,1466487,S1
860,Mac OS X hang,0.276,566179,S1
861,X11-only GTK3 setup,0.374,1978620,S2
862,Gecko unaffected,0.276,1269776,S1
863,plugin-container bluescreen hang,0.321,1489041,S1
864,Windows 10 N 1809,0.434,1521370,S1
865,content security check ordering,0.389,1883693,S2
866,setInterval GC delay,0.447,684028,S3
867,overflow rect border rect,0.447,1891279,S4
868,MNewPlainObject support added,0.389,1713579,S2
869,geoblocked video link,0.358,1801250,S3
870,curated QX bugs,0.431,1244854,S3
871,mach_override_ptr,0.418,1474451,S3
872,4 bytes stack junk exploit,0.274,1787959,S2
873,zero risk symbol definition,0.291,1978620,S2
874,V8 scanline queuing,0.271,684028,S3
875,Review Checker address bar icon,0.358,1861664,S1
876,Fission IPC messaging,0.447,1560195,S3
877,sel.selected_content mismatch,0.404,1847766,S4
878,delete browsing data,0.131,12980,S1
879,PEB loaded module list,0.307,1489041,S1
880,broken website report,0.447,1306114,S3
881,Thunderbird 115.10.0,0.341,1881124,S4
882,message not sent,0.244,27424,S1
883,feature discoverability,0.121,11825,S1
884,text color adjustment print,0.334,1665064,S2
885,D3D11TextureData shared handle regression,0.418,1922278,S1
886,call stack attachment,0.251,1257907,S1
887,wrench APK adb install,0.358,1887337,S4
888,first experiment must end,0.308,1863981,S2
889,Process Monitor path trace,0.341,1665493,S2
890,WebGLContext debug code fReadPixels,0.447,1787959,S2
891,ResumeRedirectedLoad lambda SIGSEGV,0.447,1535800,S1
892,IsTypeSupported MFT decoder,0.367,1521370,S1
893,InlineList remove crash,0.461,1867696,S4
894,PDF text border,0.461,1025247,S3
895,lprofLockFd llvm_gcda,0.431,1890683,S4
896,PosixProcessLauncher DoLaunch,0.404,1890683,S4
897,paper cut bugs,0.358,1244854,S3
898,nightly UI tests,0.138,18191,S1
899,LookupLocalFont on-demand defer,0.447,688193,S3
900,cross-product extension metrics,0.389,1771799,S2
901,MakeScopeExit undeclared bustage,0.374,1883693,S2
902,reporter extension,0.389,1306114,S3
903,externalAppExistsForScheme JS check,0.334,1883693,S2
904,rr crash recording,0.219,1340127,S1
905,trunk fix bisection,0.228,576078,S1
906,gdk_wayland_window_set_use_custom_surface missing,0.431,1978620,S2
907,OOP JIT,0.358,1474451,S3
908,OS application handler privacy leak,0.348,1883693,S2
909,PLDS3 NECKO call stack,0.348,11136,S2
910,display list building suppression,0.431,1665064,S2
911,media notification not shown,0.341,1827583,S2
912,missing ADDREF out parameter,0.461,17937,S2
913,tab viewholder,0.104,21894,S1
914,wrong SMTP pref key,0.394,27424,S1
915,Push PopBidiControl imbalance,0.418,1340127,S1
916,gtk+ wayland backend disabled,0.418,1978620,S2
917,nightly build crash,0.338,21894,S1
918,Firefox UX Quality,0.461,1244854,S3
919,Amazon password field,0.447,1863722,S4
920,out-of-flow destroy queue,0.361,576078,S1
921,send failure silent,0.214,27424,S1
922,CVE-2020-15680 inspired variant,0.238,1883693,S2
923,history.dat corruption,0.289,24008,S1
924,nsRefPtr RefPtr substitution,0.172,1204483,S1
925,img onerror timing side-channel,0.461,1883693,S2
926,Windows 10 64 bit,0.308,1025247,S3
927,protocol handler existence timing leak,0.431,1883693,S2
928,silly mistake D218903,0.261,1922278,S1
929,device drop assertion fail,0.404,1889191,S4
930,DispatchCommand recursive stack crash,0.418,1787959,S2
931,arbitrary start/stop times,0.418,985111,S3
932,cross-platform compose crash,0.341,17937,S2
933,absolutely positioned element removal,0.378,576078,S1
934,unstable tests risk,0.341,1831313,S2
935,MediaCapabilities VP9 idle test,0.284,1521370,S1
936,RemoveStreamDuringGather,0.461,1840067,S4
937,crash dump sharing Microsoft,0.163,1521370,S1
938,MBasicBlock discard,0.431,1867696,S4
939,P3:S3 tentative,0.308,1896515,S3
940,about:performance,0.389,1560195,S3
941,ZDI-CAN-852,0.318,576078,S1
942,ServiceWorkerRegistrar GetShutdownPhase crash,0.447,1928888,S2
943,sprite DMA array rebuild,0.431,684028,S3
944,baseline-eager,0.447,971511,S3
945,Skia update dependency,0.351,1221312,S1
946,PNG transparency background,0.447,1823912,S4
947,Valgrind track-origins,0.341,1269776,S1
948,H264 AAC shipping restriction,0.204,1521370,S1
949,Fill link from clipboard crash,0.374,1935443,S2
950,DOMFissionEnabled crash,0.374,1685923,S3
951,sColor0 incorrect type,0.431,1887337,S4
952,uptime under 10 seconds,0.389,1928888,S2
953,clang build regression,0.261,1489041,S1
954,QX whiteboard,0.447,1244854,S3
955,Pixel 6 Android 13,0.341,1823912,S4
956,lowlatency kernel,0.341,1420770,S3
957,bytes vs samples confusion,0.418,1204483,S1
958,IPC Launch thread crash,0.358,1890683,S4
959,screen wakelock not set,0.291,1827583,S2
960,fRadius dot product,0.398,1221312,S1
961,shopping ads experiment pref flip,0.404,1868180,S2
962,InitProcMenus,0.297,12980,S1
963,Windows code page encoding,0.324,1665493,S2
964,background color suppression parity,0.298,1665064,S2
965,history state error,0.318,24008,S1
966,disabling popups,0.174,11825,S1
967,account wizard pref bug,0.367,27424,S1
968,test disable beta,0.324,1830238,S3
969,Start Stop scrolling loop,0.418,1896515,S3
970,srflx candidate initialized,0.389,1840067,S4
971,VP9 extension Microsoft Store,0.231,1521370,S1
972,Mobile QR Code message overlap,0.431,1972807,S2
973,external drive Spotlight font bug,0.389,688193,S3
974,PDF vs preview discrepancy,0.351,1665064,S2
975,PiP position override,0.431,1801250,S3
976,use-unoptimized-shaders flag,0.341,1887337,S4
977,Talkback not working,0.231,24008,S1
978,nsHTMLEditor DeleteSelectionAndCreateNode,0.447,17937,S2
979,AAudio Android 9 repro,0.361,1688783,S1
980,closed as fixed,0.308,1306114,S3
981,ADDONS_STAFF_PICK_PT_2 callout coexistence,0.341,1972807,S2
982,OpenPGP locked out users,0.274,1665493,S2
983,user submission system,0.374,1306114,S3
984,allow-jit entitlement,0.404,1474451,S3
985,ASR null VT node,0.447,1961140,S3
986,esr115 uplift privacy fix,0.251,1883693,S2
987,channel-specific entitlements,0.389,1474451,S3
988,crashtest 1547420-1.html,0.404,1891279,S4
989,mSegmentEnd reset,0.381,24008,S1
990,bit-flip hardware crash,0.374,1867696,S4
991,videoWidth videoHeight natural,0.431,1849639,S3
992,UE/UI component,0.109,11825,S1
993,tab leave workaround,0.244,1922278,S1
994,onDestroyBrowser GeckoViewModule,0.389,1827583,S2
995,nsVoidArray RemoveElement,0.387,18191,S1
996,necko reviewers patch,0.341,1867006,S2
997,PSessionStore discarded,0.389,1830238,S3
998,Protection Report telemetry,0.461,1557050,S3
999,debug menu verification page,0.298,11136,S2
1000,tier-1 pageset,0.368,1831313,S2
1001,assertion limit 0 to 5,0.341,1891279,S4
1002,ExperimentStoreData.json enrollment simulation,0.389,1863981,S2
1003,no data loss crash,0.274,17937,S2
1004,Figma spec HCM annotations,0.431,1936672,S2
1005,non-standard Iterator,0.461,1337872,S3
1006,compositor hit test info,0.291,1961140,S3
1007,CVS build,0.265,18191,S1
1008,autoBisect bad revision,0.311,1466487,S1
1009,freed memory access,0.274,576078,S1
1010,metrics visibility,0.324,1560195,S3
1011,tier 2 reftest intermittent,0.418,1947932,S4
1012,menu navigation,0.133,11825,S1
1013,"Vec4(0,0,0,1) black render",0.374,1887337,S4
1014,nsExternalProtocolHandler NewChannel early return,0.447,1883693,S2
1015,key storage data loss risk,0.238,1665493,S2
1016,sec-moderate crash fix,0.281,1340127,S1
1017,VM scheduling false positive handlers,0.278,1883693,S2
1018,cloned bug,0.274,971511,S3
1019,remote code execution,0.438,576078,S1
1020,Win98 random crash,0.324,11136,S2
1021,CC analyzer not running,0.351,932781,blocker
1022,application focus switch,0.193,566179,S1
1023,PERPLEXITY_CALLOUT callout overlap,0.324,1972807,S2
1024,external handler fingerprinting,0.404,1883693,S2
1025,Linux mint 64 bit,0.324,1025247,S3
1026,release branch uplift,0.188,1204483,S1
1027,import table patching firefox.exe,0.391,1489041,S1
1028,canary JS module load,0.374,1928888,S2
1029,MOZ_REMOTE_SETTINGS_DEVTOOLS,0.341,1863981,S2
1030,登录 login button,0.308,1858669,S3
1031,Monitor signup button,0.404,1557050,S3
1032,arm64 missing,0.324,1474451,S3
1033,Amplitude future,0.308,1557050,S3
1034,comm-central intermittent,0.389,1981325,S4
1035,graphite2 fuzzing,0.421,1257907,S1
1036,failure rate escalation,0.271,1535800,S1
1037,double variable declaration,0.341,1337872,S3
1038,BrowserChrome e10s crash,0.297,1535800,S1
1039,uBO addon state change,0.258,1827583,S2
1040,25k audio sample buffer,0.328,684028,S3
1041,IPC channel error signature,0.384,1415837,S1
1042,unoptimized shaders black output,0.461,1887337,S4
1043,PerformanceMetrics counter,0.418,1560195,S3
1044,RenderThread Android UI 82%,0.447,1935443,S2
1045,wasm callImport i32,0.351,1456517,S1
1046,input data type typing errors,0.358,1938934,S2
1047,salon page,0.198,21894,S1
1048,Cmd+Tab focus switch hang,0.412,566179,S1
1049,about:studies Active Studies,0.258,1863981,S2
1050,140.0.4 unaffected regression,0.341,1978620,S2
1051,M13 branch fix,0.258,24008,S1
1052,UI spec,0.289,11825,S1
1053,Review Checker sidebar ads,0.418,1868180,S2
1054,security risk bookmark title,0.447,1824271,S4
1055,MOZ_WEBRENDER=0 workaround,0.401,1665064,S2
1056,push bd4f1281c3b7,0.241,971511,S3
1057,wasm GC nursery assertion,0.461,1456517,S1
1058,fullscreen tab close race,0.461,1830238,S3
1059,ALLOW_COLOR false,0.404,1811930,S3
1060,SkStroke assertion failure,0.461,1221312,S1
1061,EXC_BAD_ACCESS KERN_INVALID_ADDRESS,0.374,1761182,S1
1062,mozilla-central build,0.341,971511,S3
1063,build bustage followup,0.156,1204483,S1
1064,NS_IF_ADDREF one-liner fix,0.258,17937,S2
1065,MOZ_DISABLE_POISON_IO_INTERPOSER,0.308,1474451,S3
1066,SkPathStroker rewrite,0.421,1221312,S1
1067,text rendering,0.341,1025247,S3
1068,Gah tab crashed module load,0.324,1822717,S2
1069,GetOrCreateModuleMetaObject null,0.461,1466487,S1
1070,test_fetch-file NS_ERROR_CONTENT_BLOCKED,0.361,1883693,S2
1071,dlsym runtime check removed,0.341,688193,S3
1072,first-in-flow last continuation mismatch,0.314,1340127,S1
1073,steps to reproduce,0.291,1025247,S3
1074,new profile new account,0.338,27424,S1
1075,use-of-uninitialized-value,0.449,1269776,S1
1076,Firefox 9 GC regression,0.284,684028,S3
1077,file scheme local file leak,0.321,1883693,S2
1078,eligible products ads not displayed,0.374,1868180,S2
1079,closed tree relanding,0.254,1665064,S2
1080,master password event loop spin,0.458,1471932,blocker
1081,activeNotifications willShowDefaultPrompt targeting,0.461,1972807,S2
1082,Mobile 120 beta uplift,0.341,1861664,S1
1083,BGGBCLayerRender large function,0.298,684028,S3
1084,untrusted.example.com title,0.431,1824271,S4
1085,bugs/602200-2 reftest,0.461,1947932,S4
1086,bugday,0.274,1025247,S3
1087,Library dialog popup,0.239,566179,S1
1088,RangeAnalysis truncate,0.418,1867696,S4
1089,followup message new experiment,0.358,1863981,S2
1090,QA self-assign,0.089,12980,S1
1091,ads toggle greyed out disabled,0.447,1868180,S2
1092,AccessibleCaret selection mode,0.431,1847766,S4
1093,Latin-1 message HTML reply,0.374,17937,S2
1094,frame destruction,0.214,18191,S1
1095,navigation issues after highlight,0.431,1877426,S2
1096,gdk_wayland_device_get_wl_seat undefined,0.447,1978620,S2
1097,browsingContext process switch timing,0.404,1827583,S2
1098,web app manifest icon,0.431,1823912,S4
1099,low-level JIT assertion security,0.257,1713579,S2
1100,GitHub milestone link,0.418,1306114,S3
1101,aLet let3 evaluates true,0.431,1962675,S4
1102,squid proxy WebSocket blocked,0.404,1867006,S2
1103,3.6 branch backport,0.287,576078,S1
1104,webcompat.com milestone,0.341,1306114,S3
1105,assertion tolerance increased,0.431,1891279,S4
1106,import.meta JS frontend,0.328,1466487,S1
1107,macosx1015-64-qr intermittent,0.389,1824271,S4
1108,refcount balancer tracking,0.389,17937,S2
1109,hamburger menu path,0.274,1557050,S3
1110,wasm GC active,0.254,1456517,S1
1111,CREATE_SUSPENDED import scraping,0.378,1489041,S1
1112,X.Org X Server,0.374,1420770,S3
1113,SEGV_MAPERR address 0x18,0.374,1535800,S1
1114,GpuProcessTextureId compositor device,0.447,1922278,S1
1115,nsSmtpService fix,0.279,27424,S1
1116,shape-guard folding separate pass,0.431,1713579,S2
1117,heart button triggered,0.418,1801250,S3
1118,RNP ASCII-only path parameter,0.389,1665493,S2
1119,system date 2 days future,0.389,1972807,S2
1120,embedded YouTube works,0.241,1827583,S2
1121,event queue processing,0.124,18191,S1
1122,image in button drag,0.431,1882433,S3
1123,bisected pushlog regression,0.324,1953966,S4
1124,ads.userEnabled pref default true,0.461,1868180,S2
1125,review-checker-ads experiment treatment A,0.431,1868180,S2
1126,reproducible test case,0.304,18191,S1
1127,toolkit components extensions misplaced,0.418,1771799,S2
1128,open in Adobe,0.258,1025247,S3
1129,cert error page title,0.308,1824271,S4
1130,inconsistent window close crash,0.224,17937,S2
1131,nsBlockFrame Destroy,0.278,18191,S1
1132,sidebar related links crash,0.418,11136,S2
1133,body content prematurely freed,0.431,17937,S2
1134,floats layout hang,0.418,364067,S1
1135,new tab mobile QR experiment,0.404,1972807,S2
1136,exploitable condition,0.332,576078,S1
1137,PoisonIOInterposer,0.431,1474451,S3
1138,nsParser ResumeParse,0.179,18191,S1
1139,session restore font activation,0.358,688193,S3
1140,incremental GC fix,0.404,684028,S3
1141,NEWTAB_MESSAGE_MOBILE_DOWNLOAD simultaneous display,0.447,1972807,S2
1142,PopBidiControl empty mEmbeddingStack,0.447,1340127,S1
1143,dependency dead block check,0.358,1713579,S2
1144,esr140 patch landed,0.171,1827583,S2
1145,DOGFOOD crash,0.244,24008,S1
1146,141.0 dot release backport,0.308,1978620,S2
1147,memory buffer API workaround,0.431,1665493,S2
1148,PodCopy buffer overrun,0.449,1204483,S1
1149,Nimbus pref persistent,0.389,1868180,S2
1150,CanvasRenderer thread stack size,0.374,1787959,S2
1151,plain text vs HTML mode,0.358,17937,S2
1152,nimbus.debug targeting bypass,0.308,1972807,S2
1153,370 second timeout,0.389,1920391,S4
1154,EXCEPTION_STACK_OVERFLOW 32-bit,0.418,1489041,S1
1155,platforminfo.py shared logic,0.447,1938934,S2
1156,WebRender background image suppression,0.461,1665064,S2
1157,low memory configuration,0.167,24008,S1
1158,reftest failure false backout,0.317,1665064,S2
1159,assertion count exceeded,0.461,1891279,S4
1160,FoldLoadsWithUnbox EliminateRedundantChecks parity,0.308,1713579,S2
1161,import directory relocated,0.291,1489041,S1
1162,invalid page fault MSVCRT.DLL,0.304,24008,S1
1163,gecko_ firefox_desktop_ list classification,0.447,1771799,S2
1164,WMF VP9 decoder crash,0.461,1521370,S1
1165,PointerMoveAction performStep,0.389,1847766,S4
1166,PiP toggle overlap,0.461,1801250,S3
1167,PlacesUtils db undefined,0.418,1920391,S4
1168,baseline eager warmup JIT assert,0.324,1713579,S2
1169,DisableFontActivation startup fsync,0.461,688193,S3
1170,intermittent linux shippable crash,0.358,1535800,S1
1171,localstorage SRAM pause,0.341,684028,S3
1172,MObjectStaticProto lazy proto assert,0.447,1713579,S2
1173,filepicker dialog main loop freeze,0.431,566179,S1
1174,RDL pref rollout,0.491,1467514,blocker
1175,voice search preference order,0.189,11136,S2
1176,Socorro crash report,0.301,1204483,S1
1177,AudioDataDecoder Output,0.431,1204483,S1
1178,register dump,0.312,21894,S1
1179,esr115 approved backout,0.389,1881124,S4
1180,Firefox beta,0.374,1025247,S3
1181,tabs tray compose,0.134,21894,S1
1182,1.9.1 branch unaffected,0.214,576078,S1
1183,Marionette PerformActions,0.374,1847766,S4
1184,Nightly 138.0a1 Windows 11,0.358,1953966,S4
1185,null memcpy target,0.367,24008,S1
1186,WebM test case,0.318,1269776,S1
1187,nofis android-aarch64,0.389,1947932,S4
1188,Beta 124.0b2 verified fixed,0.374,1877426,S2
1189,Word 98 conflict,0.167,12980,S1
1190,Arch Linux Wayland crash,0.324,1782778,S2
1191,perfherder surfaced,0.404,1560195,S3
1192,media events not received,0.431,1827583,S2
1193,SMTP server misconfiguration,0.412,27424,S1
1194,URL logging system,0.241,18191,S1
1195,llvm_gcov_writeout,0.418,1890683,S4
1196,IterSimpleEnumerator,0.418,1337872,S3
1197,-moz-column disable,0.243,576078,S1
1198,test verification FAIL,0.431,1786225,S4
1199,ResumeCompositorFlickering postpone,0.418,1782778,S2
1200,sideways-lr writing mode,0.267,1340127,S1
1201,Debugger findScripts disabled,0.431,1456517,S1
1202,ERROR_SHARING_VIOLATION,0.404,1817643,S4
1203,vertical writing mode crash,0.389,1340127,S1
1204,patch reviewed checked in,0.138,24008,S1
1205,verify before closing,0.179,12980,S1
1206,autoscroll spurious event,0.447,1896515,S3
1207,bilibili login broken,0.447,1858669,S3
